INSERT INTO activity (
        id,
        title,
        title_en,
        description,
        description_en,
        max_attendees,
        start_time,
        end_time
    )
VALUES (
        '6f5e1d46-5f58-4e23-9a9d-8c2bfc2d22a0',
        'Sång kring lägerelden',
        'Campfire Songs',
        'En kväll med klassiska scoutsånger kring lägerelden, med marshmallows över glöden.',
        'An evening of classic scout songs around the campfire, with marshmallows over the embers.',
        50,
        '2026-07-26 20:00:00',
        '2026-07-26 22:00:00'
    ),
    (
        'b4219a53-4746-4a09-8b4e-3e2ac0c3df11',
        'Orienteringsutmaning',
        'Orienteering Challenge',
        'Scouter tar sig genom skogen med endast karta och kompass.',
        'Scouts make their way through the forest with only a map and compass.',
        30,
        '2026-07-27 10:00:00',
        '2026-07-27 13:00:00'
    ),
    (
        'fa3825ab-8bc1-4f59-9100-2cc6aeb3d219',
        'Sjukvårdsworkshop',
        'First Aid Workshop',
        'Praktisk träning i att hantera vanliga utomhusskador och nödsituationer.',
        'Hands-on training in handling common outdoor injuries and emergencies.',
        25,
        '2026-07-28 09:00:00',
        '2026-07-28 11:30:00'
    ),
    (
        'c10f7b72-cc9d-44a5-9e3f-f0f89b621e3e',
        'Knoptävling',
        'Knot-Tying Contest',
        'Testa din knopknytning på snabbhet och precision i en rolig tävling.',
        'Test your knot-tying for speed and precision in a fun contest.',
        40,
        '2026-07-28 15:00:00',
        '2026-07-28 17:00:00'
    ),
    (
        'd923f1ae-8f8e-45f2-8e7d-89e7d7b4cb75',
        'Naturvandring och djurskådning',
        'Nature Walk and Wildlife Watching',
        'En guidad vandring med fokus på att identifiera lokala växter och djur.',
        'A guided walk focused on identifying local plants and animals.',
        35,
        '2026-07-29 08:00:00',
        '2026-07-29 12:00:00'
    ),
    -- Punktevenemang (start_time == end_time)
    (
        '0197faa4-e500-7b23-9292-38f7bd41c955',
        'Invigningsceremoni',
        'Opening Ceremony',
        'Välkomsttal och flagghissning som inleder jamboreen.',
        'Welcome speeches and flag raising that open the jamboree.',
        NULL,
        '2026-07-25 18:00:00',
        '2026-07-25 18:00:00'
    ),
    (
        '0197fda5-f000-7c16-ad8e-ba5fe8838e8e',
        'Morgonsamling vid flaggan',
        'Morning Flag Gathering',
        'Daglig flaggceremoni för att starta dagen tillsammans.',
        'Daily flag ceremony to start the day together.',
        NULL,
        '2026-07-26 08:00:00',
        '2026-07-26 08:00:00'
    ),
    (
        '01980596-6880-77c5-bfb3-797743dec7ff',
        'Kvällsreflektion',
        'Evening Reflection',
        'Kort samling för att reflektera över dagen innan släckning.',
        'A short gathering to reflect on the day before lights-out.',
        NULL,
        '2026-07-27 21:00:00',
        '2026-07-27 21:00:00'
    ),
    (
        '01980a85-d600-7e22-8dc6-e1d3a638b02a',
        'Berättarstund',
        'Storytelling Time',
        'Scoutledare delar legendariska berättelser kring lyktan.',
        'Scout leaders share legendary stories around the lantern.',
        NULL,
        '2026-07-28 20:00:00',
        '2026-07-28 20:00:00'
    ),
    (
        '01981352-0880-7df6-9f52-b6ee5d932757',
        'Avslutningsceremoni',
        'Closing Ceremony',
        'Nedhalning av jamboreflaggan som markerar lägrets slut.',
        'Lowering of the jamboree flag marking the end of the camp.',
        NULL,
        '2026-07-30 13:00:00',
        '2026-07-30 13:00:00'
    ),
    -- Aktiviteter på befintliga dagar, utan max_attendees
    (
        '0197feef-8700-7663-9871-27951b84a3b7',
        'Hantverksverkstad',
        'Craft Workshop',
        'Kom förbi och tillverka vänskapsarmband, märken och halsdukringar.',
        'Drop by and make friendship bracelets, badges, and neckerchief slides.',
        NULL,
        '2026-07-26 14:00:00',
        '2026-07-26 16:00:00'
    ),
    (
        '0197ff78-db40-77af-9474-fd036c4b1d64',
        'Patrullekar',
        'Patrol Games',
        'Utomhuslekar i samarbete, ledda av patrulledare. Öppet för alla.',
        'Cooperative outdoor games led by patrol leaders. Open to everyone.',
        NULL,
        '2026-07-26 16:30:00',
        '2026-07-26 18:30:00'
    ),
    (
        '01980242-f7c0-712d-9e19-b5dba6525b7c',
        'Fågelskådning i gryningen',
        'Dawn Birdwatching',
        'Tidig morgonpromenad med kikare för att spana efter lokala fågelarter.',
        'An early morning walk with binoculars to spot local bird species.',
        NULL,
        '2026-07-27 05:30:00',
        '2026-07-27 07:30:00'
    ),
    (
        '019804ba-ae80-7f7f-ab97-4d876a1425f5',
        'Matlagning över öppen eld',
        'Open-Fire Cooking',
        'Matlagning över öppen eld — ta med patrullen och en hungrig mage.',
        'Cooking over an open fire — bring your patrol and a hungry stomach.',
        NULL,
        '2026-07-27 17:00:00',
        '2026-07-27 19:00:00'
    ),
    (
        '01980905-5080-7999-a87f-7877e616357f',
        'Skogsfotografering',
        'Forest Photography',
        'Tips och tricks för att fånga naturen med mobil och kamera.',
        'Tips and tricks for capturing nature with your phone and camera.',
        NULL,
        '2026-07-28 13:00:00',
        '2026-07-28 15:00:00'
    ),
    (
        '01980e47-23c0-707f-a1e0-0d8e27d8fb79',
        'Täljarverkstad',
        'Whittling Workshop',
        'Lär dig tälja trä säkert med scoutkniv. Knivar finns på plats.',
        'Learn to whittle wood safely with a scout knife. Knives provided on site.',
        NULL,
        '2026-07-29 13:30:00',
        '2026-07-29 15:30:00'
    ),
    (
        '01980f75-4380-73b7-81ad-f8d9391778cb',
        'Talangshow',
        'Talent Show',
        'Patruller anmäler sig på plats för att framföra sketcher, musik och mer.',
        'Patrols sign up on site to perform sketches, music, and more.',
        NULL,
        '2026-07-29 19:00:00',
        '2026-07-29 21:00:00'
    ),
    (
        '01980ffe-97c0-707f-97d2-7a30f5ff93aa',
        'Avslutande lägersånger',
        'Closing Campfire Songs',
        'En sista kväll med sång och avsked runt huvudbålet.',
        'A final evening of song and farewells around the main campfire.',
        NULL,
        '2026-07-29 21:30:00',
        '2026-07-29 23:00:00'
    ),
    -- Aktiviteter på nya dagar
    (
        '0197f8b6-8280-73cc-b398-f6951ce6cfea',
        'Lägerbyggdag',
        'Camp Build Day',
        'Tältresning och förberedelse av patrullplatser. Hjälp till där du kan.',
        'Pitching tents and preparing patrol sites. Help out where you can.',
        NULL,
        '2026-07-25 09:00:00',
        '2026-07-25 17:00:00'
    ),
    (
        '019812ad-3d00-7178-a029-05bd3b30d54b',
        'Avskedsbrunch',
        'Farewell Brunch',
        'En avslappnad brunch på sista morgonen innan alla åker hem.',
        'A relaxed brunch on the final morning before everyone heads home.',
        NULL,
        '2026-07-30 10:00:00',
        '2026-07-30 12:00:00'
    ),
    -- Aktivitet över flera dagar (start- och sluttid på olika dagar)
    (
        '01980483-c000-728f-9bbb-9fb05bb5fc59',
        'Övernattningsvandring',
        'Overnight Hike',
        'Vandra ut, sov under tarp och återvänd i gryningen. För erfarna scouter.',
        'Hike out, sleep under a tarp, and return at dawn. For experienced scouts.',
        NULL,
        '2026-07-27 16:00:00',
        '2026-07-28 08:00:00'
    ),
    -- Ytterligare ett par med max_attendees, så att de flesta aktiviteter är obegränsade
    (
        '01980860-8500-7d9a-a4c0-359d166e4010',
        'Surrning och pionjärarbete',
        'Lashing and Pioneering',
        'Bygg en liten port av rep och stänger. Begränsat antal platser på grund av materialet.',
        'Build a small gateway from ropes and poles. Limited spots due to materials.',
        20,
        '2026-07-28 10:00:00',
        '2026-07-28 12:00:00'
    ),
    (
        '01980d86-e100-7af8-8016-bbc7909dd5ae',
        'Säkert bad i sjön',
        'Safe Lake Swimming',
        'Övervakat bad i sjön. Livräddare på plats.',
        'Supervised swimming in the lake. Lifeguards on site.',
        25,
        '2026-07-29 10:00:00',
        '2026-07-29 12:00:00'
    );

-- Återkommande specialaktiviteter: badbuss & klättervägg.
-- Många bokningsbara tider som delar titel/beskrivning men varierar i
-- tid och antal platser. Identifieras av recurring_activity_kind (slug).
INSERT INTO activity (
        id,
        title,
        title_en,
        description,
        description_en,
        max_attendees,
        start_time,
        end_time,
        recurring_activity_kind
    )
VALUES (
        '0198a000-0000-7000-8000-000000000001',
        'Badbuss',
        'Beach Bus',
        'Buss till badplatsen och tillbaka. Begränsat antal platser per avgång.',
        'Bus to the swimming spot and back. Limited spots per departure.',
        30,
        '2026-07-26 09:00:00',
        '2026-07-26 12:00:00',
        'beach-bus'
    ),
    (
        '0198a000-0000-7000-8000-000000000002',
        'Badbuss',
        'Beach Bus',
        'Buss till badplatsen och tillbaka. Begränsat antal platser per avgång.',
        'Bus to the swimming spot and back. Limited spots per departure.',
        30,
        '2026-07-26 13:00:00',
        '2026-07-26 16:00:00',
        'beach-bus'
    ),
    (
        '0198a000-0000-7000-8000-000000000003',
        'Badbuss',
        'Beach Bus',
        'Buss till badplatsen och tillbaka. Begränsat antal platser per avgång.',
        'Bus to the swimming spot and back. Limited spots per departure.',
        40,
        '2026-07-27 09:00:00',
        '2026-07-27 12:00:00',
        'beach-bus'
    ),
    (
        '0198a000-0000-7000-8000-000000000004',
        'Badbuss',
        'Beach Bus',
        'Buss till badplatsen och tillbaka. Begränsat antal platser per avgång.',
        'Bus to the swimming spot and back. Limited spots per departure.',
        40,
        '2026-07-27 13:00:00',
        '2026-07-27 16:00:00',
        'beach-bus'
    ),
    (
        '0198b000-0000-7000-8000-000000000001',
        'Klättervägg',
        'Climbing Wall',
        'Prova på klättring med instruktör och säkerhetsutrustning.',
        'Try climbing with an instructor and safety equipment.',
        12,
        '2026-07-26 10:00:00',
        '2026-07-26 11:00:00',
        'climbing-wall'
    ),
    (
        '0198b000-0000-7000-8000-000000000002',
        'Klättervägg',
        'Climbing Wall',
        'Prova på klättring med instruktör och säkerhetsutrustning.',
        'Try climbing with an instructor and safety equipment.',
        12,
        '2026-07-26 11:00:00',
        '2026-07-26 12:00:00',
        'climbing-wall'
    ),
    (
        '0198b000-0000-7000-8000-000000000003',
        'Klättervägg',
        'Climbing Wall',
        'Prova på klättring med instruktör och säkerhetsutrustning.',
        'Try climbing with an instructor and safety equipment.',
        12,
        '2026-07-27 10:00:00',
        '2026-07-27 11:00:00',
        'climbing-wall'
    ),
    (
        '0198b000-0000-7000-8000-000000000004',
        'Klättervägg',
        'Climbing Wall',
        'Prova på klättring med instruktör och säkerhetsutrustning.',
        'Try climbing with an instructor and safety equipment.',
        8,
        '2026-07-27 11:00:00',
        '2026-07-27 12:00:00',
        'climbing-wall'
    );

-- Assign a few activities to real locations (seeded in locations.sql). The
-- remaining activities keep location_id NULL to exercise the no-location path.
UPDATE activity
SET location_id = '0190f3a1-1c2d-7e3f-9a4b-5c6d7e8f9a0b' -- Infotält
WHERE id IN (
    '6f5e1d46-5f58-4e23-9a9d-8c2bfc2d22a0',
    'fa3825ab-8bc1-4f59-9100-2cc6aeb3d219',
    '0197faa4-e500-7b23-9292-38f7bd41c955'
);

UPDATE activity
SET location_id = '0190f3a1-3e4f-7051-bc62-7d8e9f0a1b2c' -- Sjukvårdstält
WHERE id IN (
    'b4219a53-4746-4a09-8b4e-3e2ac0c3df11',
    'c10f7b72-cc9d-44a5-9e3f-f0f89b621e3e'
);

-- Activity tags: editorial categories (no icon). Stable ids so the links below
-- can reference them.
INSERT INTO activity_tag (id, name, name_en)
VALUES (
        '0190f3b0-0001-7000-a000-000000000001',
        'Fysisk',
        'Physical'
    ),
    (
        '0190f3b0-0002-7000-a000-000000000002',
        'Badbuss',
        'Beach bus'
    ),
    (
        '0190f3b0-0003-7000-a000-000000000003',
        'Mat',
        'Food'
    ),
    (
        '0190f3b0-0004-7000-a000-000000000004',
        'Skapande',
        'Creative'
    ),
    (
        '0190f3b0-0005-7000-a000-000000000005',
        'Lugn',
        'Calm'
    );

-- Link tags to a representative spread of activities. Some activities stay
-- untagged on purpose to exercise the empty-list path.
INSERT INTO activity_tag_activity (activity_tag_id, activity_id)
VALUES
    -- Sång kring lägerelden: Mat, Lugn
    ('0190f3b0-0003-7000-a000-000000000003', '6f5e1d46-5f58-4e23-9a9d-8c2bfc2d22a0'),
    ('0190f3b0-0005-7000-a000-000000000005', '6f5e1d46-5f58-4e23-9a9d-8c2bfc2d22a0'),
    -- Orienteringsutmaning: Fysisk
    ('0190f3b0-0001-7000-a000-000000000001', 'b4219a53-4746-4a09-8b4e-3e2ac0c3df11'),
    -- fa3825ab: Skapande
    ('0190f3b0-0004-7000-a000-000000000004', 'fa3825ab-8bc1-4f59-9100-2cc6aeb3d219'),
    -- c10f7b72: Fysisk, Lugn
    ('0190f3b0-0001-7000-a000-000000000001', 'c10f7b72-cc9d-44a5-9e3f-f0f89b621e3e'),
    ('0190f3b0-0005-7000-a000-000000000005', 'c10f7b72-cc9d-44a5-9e3f-f0f89b621e3e'),
    -- d923f1ae: Mat
    ('0190f3b0-0003-7000-a000-000000000003', 'd923f1ae-8f8e-45f2-8e7d-89e7d7b4cb75'),
    -- 0197fda5: Skapande, Lugn
    ('0190f3b0-0004-7000-a000-000000000004', '0197fda5-f000-7c16-ad8e-ba5fe8838e8e'),
    ('0190f3b0-0005-7000-a000-000000000005', '0197fda5-f000-7c16-ad8e-ba5fe8838e8e'),
    -- 01980596: Fysisk
    ('0190f3b0-0001-7000-a000-000000000001', '01980596-6880-77c5-bfb3-797743dec7ff'),
    -- Beach bus slots: Badbuss + Fysisk
    ('0190f3b0-0002-7000-a000-000000000002', '0198a000-0000-7000-8000-000000000001'),
    ('0190f3b0-0001-7000-a000-000000000001', '0198a000-0000-7000-8000-000000000001'),
    ('0190f3b0-0002-7000-a000-000000000002', '0198a000-0000-7000-8000-000000000002'),
    ('0190f3b0-0001-7000-a000-000000000001', '0198a000-0000-7000-8000-000000000002'),
    ('0190f3b0-0002-7000-a000-000000000002', '0198a000-0000-7000-8000-000000000003'),
    ('0190f3b0-0002-7000-a000-000000000002', '0198a000-0000-7000-8000-000000000004'),
    -- Climbing wall slots: Fysisk
    ('0190f3b0-0001-7000-a000-000000000001', '0198b000-0000-7000-8000-000000000001'),
    ('0190f3b0-0001-7000-a000-000000000001', '0198b000-0000-7000-8000-000000000002'),
    ('0190f3b0-0001-7000-a000-000000000001', '0198b000-0000-7000-8000-000000000003'),
    ('0190f3b0-0001-7000-a000-000000000001', '0198b000-0000-7000-8000-000000000004');

-- Target groups (målgrupp) per activity.
INSERT INTO activity_target_group (activity_id, target_group)
VALUES
    ('6f5e1d46-5f58-4e23-9a9d-8c2bfc2d22a0', 'sparare'),
    ('6f5e1d46-5f58-4e23-9a9d-8c2bfc2d22a0', 'upptackare'),
    ('b4219a53-4746-4a09-8b4e-3e2ac0c3df11', 'aventyrare'),
    ('b4219a53-4746-4a09-8b4e-3e2ac0c3df11', 'utmanare'),
    ('fa3825ab-8bc1-4f59-9100-2cc6aeb3d219', 'sparare'),
    ('c10f7b72-cc9d-44a5-9e3f-f0f89b621e3e', 'rover'),
    ('d923f1ae-8f8e-45f2-8e7d-89e7d7b4cb75', 'upptackare'),
    ('d923f1ae-8f8e-45f2-8e7d-89e7d7b4cb75', 'aventyrare'),
    ('0197faa4-e500-7b23-9292-38f7bd41c955', 'sparare'),
    ('0197faa4-e500-7b23-9292-38f7bd41c955', 'upptackare'),
    ('0197fda5-f000-7c16-ad8e-ba5fe8838e8e', 'utmanare'),
    ('01980596-6880-77c5-bfb3-797743dec7ff', 'utmanare'),
    ('01980596-6880-77c5-bfb3-797743dec7ff', 'rover'),
    -- Beach bus: open to every section
    ('0198a000-0000-7000-8000-000000000001', 'sparare'),
    ('0198a000-0000-7000-8000-000000000001', 'upptackare'),
    ('0198a000-0000-7000-8000-000000000001', 'aventyrare'),
    ('0198a000-0000-7000-8000-000000000002', 'sparare'),
    ('0198a000-0000-7000-8000-000000000002', 'upptackare'),
    ('0198a000-0000-7000-8000-000000000003', 'aventyrare'),
    ('0198a000-0000-7000-8000-000000000004', 'utmanare'),
    -- Climbing wall: older sections
    ('0198b000-0000-7000-8000-000000000001', 'aventyrare'),
    ('0198b000-0000-7000-8000-000000000001', 'utmanare'),
    ('0198b000-0000-7000-8000-000000000002', 'utmanare'),
    ('0198b000-0000-7000-8000-000000000003', 'rover'),
    ('0198b000-0000-7000-8000-000000000004', 'rover');

-- ============================================================================
-- Programme imported from 'Platser och aktiviteter(5).xlsx' (one tab
-- per day, 25 juli - 1 augusti). Example rows and rows without a start time
-- are skipped. Most rows open for booking 2026-07-01 so the flow can be
-- exercised in dev before camp; every 5th keeps the global default and one
-- opens mid-camp to test the not-yet-open state.
-- ============================================================================
INSERT INTO activity (
        id,
        title,
        title_en,
        description,
        description_en,
        max_attendees,
        start_time,
        end_time,
        recurring_activity_kind,
        location_id,
        booking_opens_at
    )
VALUES
    (
        'a6b93ca9-1418-5ac3-b668-6429c1023514',
        'Quiz: Musikquiz, det som varit och det som är',
        'Quiz: Music quiz, what is and shall be',
        '',
        '',
        NULL,
        '2026-07-25 22:00:00',
        '2026-07-25 23:00:00',
        NULL,
        'eadcb315-41e0-546c-b3a5-6b28bfb6c18c',
        '2026-07-01 00:00:00'
    ),
    (
        'b208a2a7-08dd-58c5-bd88-3084dbeb9436',
        'Arrivo',
        'Rover opening night',
        'Kickstarta Roverprogrammet med oss! På rovers alldeles egna invigning kommer ni får lära er mer om roverprogrammet, hur veckan kommer fungera, information om roverhubben och massa mer!',
        'Kickstart the Rover program with us! At Rover''s very own inauguration, you will learn more about the Rover program, how the week will work, information about the Rover Hub and much more!',
        NULL,
        '2026-07-25 20:00:00',
        '2026-07-25 21:00:00',
        NULL,
        'c440eaf2-34c8-53ff-8e45-0f196f8d3f10',
        '2026-07-01 00:00:00'
    ),
    (
        'e5d2c766-cc40-5a2f-8488-f05fc8820572',
        'Godnattsaga',
        'Godnattsaga',
        'Avsluta dagen med en mysig godnattsaga i upptäckarhubben',
        'Avsluta dagen med en mysig godnattsaga i upptäckarhubben',
        NULL,
        '2026-07-25 20:30:00',
        '2026-07-25 21:00:00',
        NULL,
        'b70eb2f8-96dc-5ecb-b551-c28f1fb1ffb0',
        '2026-07-01 00:00:00'
    ),
    (
        '37c3e713-0561-55fd-9900-4bc20f8899e5',
        'Öppet hus - Känn Pulsen',
        'Open House - Feel the beat',
        'Välkommen förbi att kika in i Pulsen - se veckans aktiviteter och få koll på alla groovy aktiviteter!',
        'Welcome to stop by and take a look at Pulsen - see this week''s activities and keep up with all the groovy activities!',
        100,
        '2026-07-25 14:00:00',
        '2026-07-25 17:00:00',
        NULL,
        '8bf3aefe-86d0-5828-b722-f1eec53fbb27',
        '2026-07-01 00:00:00'
    ),
    (
        'a5cd670d-4c43-5400-8f5f-bf4da7113ac8',
        'Speed date - vad vill du förändra i samhället?',
        'Speed date - what would you like to change in society?',
        'Tre minuter. En person. En fråga: vad vill du förändra?
I det här passet träffar du snabbt många olika scouter och hör vad de tycker, tänker och engagerar sig i. Kanske hittar du någon som ser samma sak som du. Kanske får du ett perspektiv du aldrig tänkt på. Kanske båda.
Du behöver inte ha ett svar klart. Det räcker med en tanke.',
        'Three minutes. One person. One question: what do you want to change?
In this session you''ll quickly meet a lot of different people and hear what they think, feel and care about. Maybe you''ll find someone who sees the same things as you. Maybe you''ll get a perspective you''ve never considered. Maybe both.
You don''t need to have all the answers. A thought is enough.',
        50,
        '2026-07-25 16:00:00',
        '2026-07-25 17:00:00',
        NULL,
        '8fe15224-f662-5ce0-a1bc-4706c821c590',
        NULL
    ),
    (
        'd6394f2b-7a4b-53ac-9287-aef7f65359aa',
        'Deeptalk: Nya ideal, gamla mönster - vad händer med jämställdheten 2026?',
        'Deep-talk: New Ideals, Old Patterns: Where Is Gender Equality Headed in 2026?',
        'Hur jämställda är vi egentligen i kåren, i skolan och i samhället? I det här Deep-talket pratar vi om hur nya ideal och gamla mönster krockar, och vad det gör med hur vi ser på kön, val och ansvar.
Samtalet bygger på scoutingens idé om att alla röster ska få plats. Vi utgår från egna erfarenheter och vardagssituationer och försöker förstå vad som faktiskt förändras, och vad som kanske sitter kvar längre än vi tror.
Ett öppet kvällssamtal där vi pratar på riktigt, lyssnar och kopplar tillbaka till hur vi själva kan vara med och forma ett mer jämställt sammanhang.',
        'How equal are we really? In scouting, school and society? 
In this Deep Talk, we will explore the tension between new ideals and old patterns, and how this shapes the way we think about gender, choices, and responsibility.

The conversation is inspired by the Scout principle that every voice matters. Through our own experiences and everyday situations, we will reflect on what is truly changing and what patterns may be harder to challenge than we think.

An open evening conversation where we speak honestly, listen to each other, and explore how we can all contribute to creating a more equal society.',
        50,
        '2026-07-25 21:00:00',
        '2026-07-25 22:00:00',
        NULL,
        '8fe15224-f662-5ce0-a1bc-4706c821c590',
        '2026-07-01 00:00:00'
    ),
    (
        'ce006bf2-571c-5af3-acb1-9b09812bfe7d',
        'Kåsan',
        'Kåsan',
        '',
        '',
        NULL,
        '2026-07-25 14:00:00',
        '2026-07-25 21:00:00',
        NULL,
        '0f29d7b2-b1e9-5371-8dd6-8e967c002208',
        '2026-07-01 00:00:00'
    ),
    (
        'c1addd1a-13ff-5c26-b804-be51a43dd6e1',
        'Känslokartan',
        'Känslokartan',
        '',
        '',
        NULL,
        '2026-07-25 14:00:00',
        '2026-07-25 21:00:00',
        NULL,
        '1a4f6eda-8d95-5fc9-8f3d-b663ecf6b4d3',
        '2026-07-30 12:00:00'
    ),
    (
        'b2bac4bb-2eac-5205-9326-f21c7701cae2',
        'Brädspel',
        'Brädspel',
        'Brädspel',
        'Boardgames',
        NULL,
        '2026-07-25 14:00:00',
        '2026-07-25 21:00:00',
        NULL,
        '1a4f6eda-8d95-5fc9-8f3d-b663ecf6b4d3',
        '2026-07-01 00:00:00'
    ),
    (
        'f81290e7-83ef-5704-96e7-c312916f3658',
        'Lekaktiviteter',
        'Lekaktiviteter',
        'Hämta fotboll, rockring, hopprep, gagaboll boll m.m och spela med patrullkompisar eller nya vänner',
        'Hämta fotboll, rockring, hopprep, gagaboll boll m.m och spela med patrullkompisar eller nya vänner',
        NULL,
        '2026-07-25 14:00:00',
        '2026-07-25 21:00:00',
        NULL,
        'adf125a7-5bf4-5b81-9c9f-bedfce4c0a65',
        NULL
    ),
    (
        '678980c6-bcec-54df-868d-dee8cb79c7f8',
        'Bubbelballs',
        'Bubbelballs',
        'Studsa runt i stora uppblåsbara bollar!',
        'Jump around in big inflatable balls!',
        NULL,
        '2026-07-25 14:00:00',
        '2026-07-25 21:00:00',
        NULL,
        'adf125a7-5bf4-5b81-9c9f-bedfce4c0a65',
        '2026-07-01 00:00:00'
    ),
    (
        '1b0ad30f-07f7-599f-b0ed-f52358c885e2',
        'Cybersäkerhet med Unga forskare',
        'Cybersäkerhet med Unga forskare',
        '',
        '',
        NULL,
        '2026-07-25 14:00:00',
        '2026-07-25 21:00:00',
        NULL,
        '1a4f6eda-8d95-5fc9-8f3d-b663ecf6b4d3',
        '2026-07-01 00:00:00'
    ),
    (
        'd28215c6-a981-5223-a703-3d7156437d79',
        'Halmpool',
        'Halmpool',
        'Hoppa ner i halmen, kan du hitta nålen i halmstacken?',
        'Jump in the haystack. Can you find the needle in the hay?',
        NULL,
        '2026-07-25 14:00:00',
        '2026-07-25 21:00:00',
        NULL,
        'c5a754b1-5317-5ee3-a031-49caf710672e',
        '2026-07-01 00:00:00'
    ),
    (
        '4f3dd97a-571d-515c-8e73-f7a0ca192da9',
        'Slankaruseller',
        'Slankaruseller',
        'Åk på en karusell byggd av slanor.',
        'Ride a carousel made of wood.',
        NULL,
        '2026-07-25 14:00:00',
        '2026-07-25 21:00:00',
        NULL,
        'c5a754b1-5317-5ee3-a031-49caf710672e',
        '2026-07-01 00:00:00'
    ),
    (
        'f123cd57-0cd6-5e71-8993-fe631c0ae9e3',
        'Knoprep',
        'Knoprep',
        'Knoprep och instruktion finns för att lära sig en ny knop',
        'Learn a new knot, there is rope and intructions',
        NULL,
        '2026-07-25 14:00:00',
        '2026-07-25 21:00:00',
        NULL,
        '814b68b7-cae2-52f0-8a6d-9d13797bdabf',
        NULL
    ),
    (
        '2c9884a6-d823-5905-b717-d54d9ae3bd6e',
        'Tillsammans målning',
        'Tillsammans målning',
        'Hjälp till att skapa en målning tillsammans. Rita något på tavlan som betyder jamboree för dig.',
        'Help creating a picture together. Draw something that means jamboree to you.',
        NULL,
        '2026-07-25 14:00:00',
        '2026-07-25 21:00:00',
        NULL,
        '814b68b7-cae2-52f0-8a6d-9d13797bdabf',
        '2026-07-01 00:00:00'
    ),
    (
        '49f455f9-9b5c-5bc2-8db3-b80189e30a26',
        'Våga lyssna fördjupning',
        'Dare to listen: In-depth look',
        'Våga lyssna fördjupning är en fördjupande workshop för scoutledare som fokuserar på att fördjupa kunskaper och öva på olika verktyg från webbkursen Våga lyssna. Målet är att känna större trygghet i att hålla samtal om mående och känslor med barn och unga.  Workshopen leds av Trygga mötens samtalsledare.',
        'Våga lyssna fördjupning är en fördjupande workshop för scoutledare som fokuserar på att fördjupa kunskaper och öva på olika verktyg från webbkursen Våga lyssna. Målet är att känna större trygghet i att hålla samtal om mående och känslor med barn och unga.  Workshopen leds av Trygga mötens samtalsledare.',
        NULL,
        '2026-07-26 14:30:00',
        '2026-07-26 16:30:00',
        NULL,
        '61dd8139-dc09-560d-95c3-68848553690c',
        '2026-07-01 00:00:00'
    ),
    (
        '0c73e5da-a930-528b-9b49-95a22f35655c',
        'Påverka på riktigt: när de vanliga vägarna inte räcker',
        'Real influence: when the traditional ways aren´t enough',
        'Alla partier känns lika kassa. Ingen lyssnar. Vad kan man göra  då?
Mer än du tror, visar det sig. I den här workshopen utforskar vi alla de sätt du faktiskt kan påverka inom och långt utanför partipolitiken. Sedan testar vi det i praktiken. Din grupp skapar ett eget parti från grunden, väljer hjärtefrågor, formar en ledare och fördelar resurser.
Du lämnar med en bättre bild av hur systemet fungerar och var just du kan kliva in och göra skillnad.',
        'The system feels broken. No one is listening. So what can you do?

More than you might think. In this workshop, we explore the many ways you can make your voice heard and create change, both within and beyond political parties. Then we put those ideas into action.

Working in groups, you will create your own political party from scratch. You will choose the issues that matter most, develop a vision and leadership, and decide how to use your resources.

You will leave with a better understanding of how political systems work and where you can take action to make a difference.',
        60,
        '2026-07-26 10:00:00',
        '2026-07-26 11:00:00',
        NULL,
        '8fe15224-f662-5ce0-a1bc-4706c821c590',
        '2026-07-01 00:00:00'
    ),
    (
        '86f8c015-5b80-584c-b685-f5a9dfaa9a20',
        'Quiz',
        'Quiz',
        'Kom och var med på quiz! Spela själv eller i lag.',
        'Come and join us for a fun quiz! Play alone or as a team.',
        NULL,
        '2026-07-26 16:00:00',
        '2026-07-26 16:30:00',
        NULL,
        '6a01d4f5-5989-530b-a37b-d53ae9440118',
        '2026-07-01 00:00:00'
    ),
    (
        '9abfb6d5-fa00-5280-8715-fb53fa0c6c1f',
        'Hinderbanerace upptäckare',
        'Hinderbanerace upptäckare',
        'Spring i hinderbanan på tid, se vem som kommer först fram!',
        'Spring i hinderbanan på tid, se vem som kommer först fram!',
        NULL,
        '2026-07-26 14:00:00',
        '2026-07-26 16:00:00',
        NULL,
        '5b8eccbb-cf63-5818-a6d8-d7c4296d7279',
        NULL
    ),
    (
        'fd6b5c43-abd1-54da-8012-c4eba92dea0b',
        'Upptäckarsamtal',
        'Explorer scout leader gathering',
        'Slå dig ner vid lägerelden och möt upptäckarledare från hela landet, dela erfarenheter, hämta inspiration och skapa nya kontakter.',
        'Gather around the campfire and meet Explorer Scout leaders from across the country, share experiences, find inspiration, and make new connections.',
        NULL,
        '2026-07-26 10:00:00',
        '2026-07-26 11:00:00',
        NULL,
        '6b32fa25-8341-537f-b8d7-ca4ad5a843a6',
        '2026-07-01 00:00:00'
    ),
    (
        '73ca9e93-b4e0-5bf2-80c8-5b6448b9bb3f',
        'Äventyrararsamtal',
        'Adventurer scout leader gathering',
        'Slå dig ner vid lägerelden och möt Äventyrarledare från hela landet, dela erfarenheter, hämta inspiration och skapa nya kontakter.',
        'Gather around the campfire and meet Adventurer Scout leaders from across the country, share experiences, find inspiration, and make new connections.',
        NULL,
        '2026-07-26 14:00:00',
        '2026-07-26 15:00:00',
        NULL,
        '6b32fa25-8341-537f-b8d7-ca4ad5a843a6',
        '2026-07-01 00:00:00'
    ),
    (
        '481c9c0a-07c9-5a8b-a45b-d5622bfe5c09',
        'Leda Scouting - Spork del 1',
        'Leda Scouting - Spork del 1',
        'Leda scouting är kursen för dig som vill förstå vad scouting är och hur du skapar verksamhet där scouter får växa, utmanas och ha roligt tillsammans. Här får du inspiration, konkreta verktyg och nya perspektiv på ledarskap i Scouterna. Anmälan via Scoutnet senast 17 juli.',
        '-',
        24,
        '2026-07-26 09:00:00',
        '2026-07-26 12:00:00',
        NULL,
        '8bf3aefe-86d0-5828-b722-f1eec53fbb27',
        '2026-07-01 00:00:00'
    ),
    (
        'afa104af-7392-57ba-b646-75279a3b5d77',
        'Leda Scouting - Tamoj del 1',
        'Leda Scouting - Tamoj del 1',
        'Leda scouting är kursen för dig som vill förstå vad scouting är och hur du skapar verksamhet där scouter får växa, utmanas och ha roligt tillsammans. Här får du inspiration, konkreta verktyg och nya perspektiv på ledarskap i Scouterna. Anmälan via Scoutnet senast 17 juli.',
        '-',
        24,
        '2026-07-26 14:00:00',
        '2026-07-26 17:00:00',
        NULL,
        '8bf3aefe-86d0-5828-b722-f1eec53fbb27',
        '2026-07-01 00:00:00'
    ),
    (
        '078a02ed-a35c-5d31-9381-6bd61542ec9b',
        'Klubb BANGERS',
        'Club BANGERS',
        'Klubb BANGERS tar vid och står för stämningen för alla som vill dansa och klubba för starten av en grym lägervecka efter invigningen!',
        'Club BANGERS takes over and provides the atmosphere for everyone who wants to dance and party for the start of an awesome camp week after the opening!',
        NULL,
        '2026-07-26 21:30:00',
        '2026-07-26 22:30:00',
        NULL,
        '8bf3aefe-86d0-5828-b722-f1eec53fbb27',
        NULL
    ),
    (
        '09f413be-effc-51c9-93b9-edefb32ab4c3',
        'Karaoke!',
        'Karaoke!',
        '',
        '',
        50,
        '2026-07-26 16:00:00',
        '2026-07-26 19:00:00',
        NULL,
        'eadcb315-41e0-546c-b3a5-6b28bfb6c18c',
        '2026-07-01 00:00:00'
    ),
    (
        '82dcf744-eed3-5e77-acda-c48b509fd9e2',
        'Masterclass i knoplära',
        'Knotting masterclass',
        'Är du intresserad av att lära dig 100 knopar? Då har du nog kommit till fel ställe. MEN detta är ändå en masterclass i knopning på en högst NÖRDIG och (vågar jag säga det) ROLIG och SPÄNNANDE nivå. Det kommer handla om hur knopar kategoriseras, hur de fungerar, hur de upptäcks, hur du egentligen lär ut knopar pedagogiskt och hur knoplära kopplas samman med biologi, kemi, fysik och matte, och tillochmed universums uppkomst. Men några knopar kommer vi lära oss ändå -- och gratis knoprep utlovas alla deltagare!',
        'Are you interested in learning 100 knots? Then you’ve probably come to the wrong place. BUT this is still a masterclass in knot-tying—at a level that is highly NERDY and (dare I say it) FUN and EXCITING. We’ll cover how knots are categorized, how they work, how they are discovered, and how to actually teach knots pedagogically; we’ll also explore the connections between knot theory and biology, chemistry, physics, mathematics, and even the origin of the universe. That said, we *will* learn a few knots—and free knotting rope is guaranteed for all participants!',
        NULL,
        '2026-07-26 13:00:00',
        '2026-07-26 14:00:00',
        NULL,
        'eadcb315-41e0-546c-b3a5-6b28bfb6c18c',
        '2026-07-01 00:00:00'
    ),
    (
        '126a1410-5896-5224-833c-28b5b9a0fd38',
        'Sagostund',
        'Storytime',
        'Inspirerande sagostund öppet för alla',
        'Inspiring story time open to everyone',
        NULL,
        '2026-07-26 08:00:00',
        '2026-07-26 09:00:00',
        NULL,
        'db93cd52-18a4-58c9-ac68-d7c32fe390aa',
        '2026-07-01 00:00:00'
    ),
    (
        'c97167ff-5519-5965-a8dc-3113c9f52289',
        'Kvällsbön',
        'Evening prayer',
        '',
        '',
        NULL,
        '2026-07-26 21:30:00',
        '2026-07-26 22:00:00',
        NULL,
        'db93cd52-18a4-58c9-ac68-d7c32fe390aa',
        '2026-07-01 00:00:00'
    ),
    (
        '7986095f-e2ca-515a-b331-42eecc9a6daf',
        '26/7 – Påsk 🐣',
        '26/7 – Easter 🐣',
        'Vem säger att man bara kan fira påsk på våren? Hos oss blir det påsk mitt i sommaren! Förvänta dig färgglada dekorationer, påskägg, påskharar och massor av härlig påskstämning. Har du något gult, färgglatt eller kanske kaninklänning, höns- eller kycklinginspirerat? Ta gärna på dig det och hjälp oss skapa den perfekta påskkänslan! Håll utkik efter dagens Limited Edition – vi lovar att den inte är gömd lika bra som påskäggen!',
        'Who says you can only celebrate Easter in the spring? We''re bringing Easter to the middle of summer! Expect colourful decorations, Easter eggs, bunnies, and plenty of festive Easter spirit. Got something yellow or colourful to wear? Maybe a bunny costume, or something inspired by hens or chicks? Put it on and help us create the perfect Easter atmosphere! Keep an eye out for today''s Limited Edition – we promise it''s not hidden quite as well as the Easter eggs!',
        NULL,
        '2026-07-26 10:00:00',
        '2026-07-26 22:00:00',
        NULL,
        '3cc164ae-2a31-55a9-8a3e-73935189dcf0',
        NULL
    ),
    (
        '58969b83-d19a-5feb-aa0a-ab79ed50dd95',
        'Dagens lek',
        'Dagens lek',
        'Starttider för lekarna kommer finnas på anslagstavlan i hubben',
        'Starttider för lekarna kommer finnas på anslagstavlan i hubben',
        NULL,
        '2026-07-26 09:00:00',
        '2026-07-26 17:00:00',
        NULL,
        'adf125a7-5bf4-5b81-9c9f-bedfce4c0a65',
        '2026-07-01 00:00:00'
    ),
    (
        '5086036b-0cfc-5c68-8806-3fbd222e70f6',
        'Speed friendning',
        'Speedfriending',
        'Lär känna nya vänner i upptäckarhubben',
        'Get to know new friends in "Upptäckarhubben"',
        NULL,
        '2026-07-26 09:30:00',
        '2026-07-26 10:00:00',
        NULL,
        'adf125a7-5bf4-5b81-9c9f-bedfce4c0a65',
        '2026-07-01 00:00:00'
    ),
    (
        '55a02dd6-aa42-57ba-b881-40f6f6187613',
        'Speed friendning',
        'Speedfriending',
        'Lär känna nya vänner i upptäckarhubben',
        'Get to know new friends in "Upptäckarhubben"',
        NULL,
        '2026-07-26 10:30:00',
        '2026-07-26 11:00:00',
        NULL,
        'adf125a7-5bf4-5b81-9c9f-bedfce4c0a65',
        '2026-07-01 00:00:00'
    ),
    (
        '5f85b46c-f9b2-50e8-b8fb-04b42d02d27b',
        'Speed friendning',
        'Speedfriending',
        'Lär känna nya vänner i upptäckarhubben',
        'Get to know new friends in "Upptäckarhubben"',
        NULL,
        '2026-07-26 14:30:00',
        '2026-07-26 15:00:00',
        NULL,
        'adf125a7-5bf4-5b81-9c9f-bedfce4c0a65',
        '2026-07-01 00:00:00'
    ),
    (
        'a6c40518-a47f-5846-8fbe-9deca32f61a7',
        'Speed friendning',
        'Speedfriending',
        'Lär känna nya vänner i upptäckarhubben',
        'Get to know new friends in "Upptäckarhubben"',
        NULL,
        '2026-07-26 15:30:00',
        '2026-07-26 16:00:00',
        NULL,
        'adf125a7-5bf4-5b81-9c9f-bedfce4c0a65',
        NULL
    ),
    (
        'a8ada774-7cc9-5c31-8ce4-f5b97367d89b',
        'Lekaktiviteter',
        'Lekaktiviteter',
        'Hämta fotboll, rockring, hopprep, gagaboll boll m.m och spela med patrullkompisar eller nya vänner',
        'Hämta fotboll, rockring, hopprep, gagaboll boll m.m och spela med patrullkompisar eller nya vänner',
        NULL,
        '2026-07-26 09:00:00',
        '2026-07-26 17:00:00',
        NULL,
        'adf125a7-5bf4-5b81-9c9f-bedfce4c0a65',
        '2026-07-01 00:00:00'
    ),
    (
        'b518a741-3087-5e95-87ce-92a7576252eb',
        'Bubbelballs',
        'Bubbelballs',
        'Studsa runt i stora uppblåsbara bollar!',
        'Jump around in big inflatable balls!',
        NULL,
        '2026-07-26 09:00:00',
        '2026-07-26 17:00:00',
        NULL,
        'adf125a7-5bf4-5b81-9c9f-bedfce4c0a65',
        '2026-07-01 00:00:00'
    ),
    (
        'a82c89e0-c1a7-5dd4-94ea-4822a33d8c1e',
        'Kåsan',
        'Kåsan',
        '',
        '',
        NULL,
        '2026-07-26 09:00:00',
        '2026-07-26 17:00:00',
        NULL,
        '0f29d7b2-b1e9-5371-8dd6-8e967c002208',
        '2026-07-01 00:00:00'
    ),
    (
        '71e5768c-7fb5-5bbf-9fdb-c68c208a443c',
        'Känslokartan',
        'Känslokartan',
        '',
        '',
        NULL,
        '2026-07-26 09:00:00',
        '2026-07-26 17:00:00',
        NULL,
        '1a4f6eda-8d95-5fc9-8f3d-b663ecf6b4d3',
        '2026-07-01 00:00:00'
    ),
    (
        '713733d3-32d9-5ea1-833b-3886d0c554ec',
        'Brädspel',
        'Brädspel',
        'Brädspel',
        'Boardgames',
        NULL,
        '2026-07-26 09:00:00',
        '2026-07-26 17:00:00',
        NULL,
        '1a4f6eda-8d95-5fc9-8f3d-b663ecf6b4d3',
        NULL
    ),
    (
        'f0640f56-7792-5307-ba6d-6cec88b13c70',
        'Cybersäkerhet med Unga forskare',
        'Cybersäkerhet med Unga forskare',
        '',
        '',
        NULL,
        '2026-07-26 09:00:00',
        '2026-07-26 17:00:00',
        NULL,
        '1a4f6eda-8d95-5fc9-8f3d-b663ecf6b4d3',
        '2026-07-01 00:00:00'
    ),
    (
        '37764be9-d7ba-58c8-b2f9-21497bd0a997',
        'Hantverksfokus: Läder',
        'Hantverksfokus: Läder',
        '',
        '',
        NULL,
        '2026-07-26 09:00:00',
        '2026-07-26 17:00:00',
        NULL,
        '814b68b7-cae2-52f0-8a6d-9d13797bdabf',
        '2026-07-01 00:00:00'
    ),
    (
        '9ddf4439-267d-5f4c-9b9e-1ef7c400800d',
        'Knoprep',
        'Knoprep',
        'Knoprep och instruktion finns för att lära sig en ny knop',
        'Learn a new knot, there is rope and intructions',
        NULL,
        '2026-07-26 09:00:00',
        '2026-07-26 17:00:00',
        NULL,
        '814b68b7-cae2-52f0-8a6d-9d13797bdabf',
        '2026-07-01 00:00:00'
    ),
    (
        '94ba81dd-0877-5b6a-a074-4c0739ce6d19',
        'Tillsammans målning',
        'Tillsammans målning',
        'Hjälp till att skapa en målning tillsammans. Rita något på tavlan som betyder jamboree för dig.',
        'Help creating a picture together. Draw something that means jamboree to you.',
        NULL,
        '2026-07-26 09:00:00',
        '2026-07-26 17:00:00',
        NULL,
        '814b68b7-cae2-52f0-8a6d-9d13797bdabf',
        '2026-07-01 00:00:00'
    ),
    (
        '7a7c0e31-d225-57a6-b418-d3c0a7c045c7',
        'Halmpool',
        'Halmpool',
        'Hoppa ner i halmen, kan du hitta nålen i halmstacken?',
        'Jump in the haystack. Can you find the needle in the hay?',
        NULL,
        '2026-07-26 09:00:00',
        '2026-07-26 17:00:00',
        NULL,
        'c5a754b1-5317-5ee3-a031-49caf710672e',
        NULL
    ),
    (
        'f00f9619-668b-5af6-8b49-08b5247c50fe',
        'Slankaruseller',
        'Slankaruseller',
        'Åk på en karusell byggd av slanor.',
        'Ride a carousel made of wood.',
        NULL,
        '2026-07-26 09:00:00',
        '2026-07-26 17:00:00',
        NULL,
        'c5a754b1-5317-5ee3-a031-49caf710672e',
        '2026-07-01 00:00:00'
    ),
    (
        'ee79360a-a81d-5f70-a42e-64f1ed0310cf',
        'Psykologisk beredskap',
        'Psykologisk beredskap',
        'Ett fartfyllt och interaktivt pass där du får uppleva hur lätt det är att bli påverkad – och hur du kan stå emot. Du får konkreta verktyg för att tänka kritiskt, samarbeta och fatta kloka beslut när det verkligen gäller.',
        'Ett fartfyllt och interaktivt pass där du får uppleva hur lätt det är att bli påverkad – och hur du kan stå emot. Du får konkreta verktyg för att tänka kritiskt, samarbeta och fatta kloka beslut när det verkligen gäller.',
        NULL,
        '2026-07-26 09:15:00',
        '2026-07-26 10:00:00',
        NULL,
        '3ef6ac67-e626-5420-a7a0-23e589b76940',
        '2026-07-01 00:00:00'
    ),
    (
        'e7e035d4-ad8b-55da-a308-532d5a9bbafb',
        'Psykologisk beredskap',
        'Psykologisk beredskap',
        'Ett fartfyllt och interaktivt pass där du får uppleva hur lätt det är att bli påverkad – och hur du kan stå emot. Du får konkreta verktyg för att tänka kritiskt, samarbeta och fatta kloka beslut när det verkligen gäller.',
        'Ett fartfyllt och interaktivt pass där du får uppleva hur lätt det är att bli påverkad – och hur du kan stå emot. Du får konkreta verktyg för att tänka kritiskt, samarbeta och fatta kloka beslut när det verkligen gäller.',
        NULL,
        '2026-07-26 13:15:00',
        '2026-07-26 14:00:00',
        NULL,
        '3ef6ac67-e626-5420-a7a0-23e589b76940',
        '2026-07-01 00:00:00'
    ),
    (
        'a25e5238-61a2-5523-95b3-2aea9004e56c',
        'Mekanisk tjur',
        'Mechanical bull',
        'Testa hur länge du kan sitta på tjurens rygg! Kanske är det svårare än du tror?',
        'See how long you can stay on the bull’s back! It might be harder than you think?',
        NULL,
        '2026-07-26 09:00:00',
        '2026-07-26 17:00:00',
        NULL,
        '59e1df30-6abb-58a0-b951-0da741883428',
        '2026-07-01 00:00:00'
    ),
    (
        '4bc7bc39-ae07-537a-909d-916a292f7da9',
        'Unga forskare',
        'Unga forskare',
        'Testa på spännande aktiviteter med Unga Forskare!',
        'Try out exciting activities with Young Scientists!',
        NULL,
        '2026-07-26 10:00:00',
        '2026-07-26 17:00:00',
        NULL,
        '752c0d21-3c68-50d2-bf8a-53ee8fa96895',
        NULL
    ),
    (
        '94e0e7e2-dab6-5457-8ab5-5fe45151ecb0',
        'Speedfriending',
        'Speedfriending',
        '',
        'Jumpstart the time on Äventyrarhubben by making lots of new friends!',
        NULL,
        '2026-07-26 10:00:00',
        '2026-07-26 17:00:00',
        NULL,
        'e65a2868-19ef-54ef-8606-2a6d7d7fe9eb',
        '2026-07-01 00:00:00'
    ),
    (
        '8839a2d8-5ded-531d-866e-a15a7c66f66e',
        'Lokal trubadur',
        'Local troubadour',
        'Starta äventyret på äventyrarhubben med härlig stämningsfull livemusik!',
        'Start the adventure in Äventyrarhubben with charming and atmospheric live music!',
        NULL,
        '2026-07-26 10:30:00',
        '2026-07-26 12:00:00',
        NULL,
        '410166cf-c3f9-547e-8d04-88011947a675',
        '2026-07-01 00:00:00'
    ),
    (
        'cef3019f-0305-56a0-8b32-d930994ef82f',
        'Lokal trubadur',
        'Local troubadour',
        'Starta äventyret på äventyrarhubben med härlig stämningsfull livemusik!',
        'Start the adventure in Äventyrarhubben with charming and atmospheric live music!',
        NULL,
        '2026-07-26 14:30:00',
        '2026-07-26 16:00:00',
        NULL,
        '410166cf-c3f9-547e-8d04-88011947a675',
        '2026-07-01 00:00:00'
    ),
    (
        '76bbce09-a748-51b2-9bdc-abd08d3865f5',
        'Trygga möten fördjupning',
        'Trygga möten fördjupning',
        '',
        '',
        NULL,
        '2026-07-27 09:30:00',
        '2026-07-27 11:30:00',
        NULL,
        '61dd8139-dc09-560d-95c3-68848553690c',
        '2026-07-01 00:00:00'
    ),
    (
        'fe69870d-9e76-5b79-bdf9-3dee3b81a968',
        'Mind: Delaktighet som friskfaktor',
        'Mind: Delaktighet som friskfaktor',
        'I den här workshopen utforskar du tillsammans med organisationen MIND vad  delaktighet innebär. Tillsammans undersöker ni frågor som: När känner vi att vi faktiskt får påverka? Vem bär ansvar för att delaktighet sker? Och vad händer med vårt mående när vi får känna oss som en verklig del av ett sammanhang?  Workshopen leds av Matilda Holmberg, MIND.',
        'I den här workshopen utforskar du tillsammans med organisationen MIND vad  delaktighet innebär. Tillsammans undersöker ni frågor som: När känner vi att vi faktiskt får påverka? Vem bär ansvar för att delaktighet sker? Och vad händer med vårt mående när vi får känna oss som en verklig del av ett sammanhang?  Workshopen leds av Matilda Holmberg, MIND.',
        NULL,
        '2026-07-27 15:30:00',
        '2026-07-27 17:00:00',
        NULL,
        '61dd8139-dc09-560d-95c3-68848553690c',
        NULL
    ),
    (
        'f3b00d8d-268d-5aaf-93c7-4167fda6d4a0',
        'Treskablinoll: Trygga scouter - nytt material med fokus på integritet',
        'Treskablinoll: Trygga scouter - nytt material med fokus på integritet',
        'Hur kan du som scoutledare prata om kroppslig integritet, samtycke, relationer och gränser tillsammans med dina scouter? Det kan du få tips om på den här föreläsningen när organisationen Treskablinoll presenterar de aktiviteter som de utvecklat tillsammans med Scouterna i projektet Trygga scouter. Föreläsningen hålls av Maria Näslund och Natalia Luczynsk, Treskablinoll.',
        'Hur kan du som scoutledare prata om kroppslig integritet, samtycke, relationer och gränser tillsammans med dina scouter? Det kan du få tips om på den här föreläsningen när organisationen Treskablinoll presenterar de aktiviteter som de utvecklat tillsammans med Scouterna i projektet Trygga scouter. Föreläsningen hålls av Maria Näslund och Natalia Luczynsk, Treskablinoll.',
        NULL,
        '2026-07-27 20:00:00',
        '2026-07-27 21:00:00',
        NULL,
        '61dd8139-dc09-560d-95c3-68848553690c',
        '2026-07-01 00:00:00'
    ),
    (
        'fb2e9a02-0605-52ff-bee5-cb82c8b61312',
        'Säker verksamhet',
        'Säker verksamhet',
        'En workshop för ledare som vill prova på att arbeta mer strukturerat med riskhantering av våra aktiviteter i Scouterna. Vi testar på något moment från kursen Redo för riskhantering',
        '-',
        NULL,
        '2026-07-27 19:00:00',
        '2026-07-27 20:00:00',
        NULL,
        NULL,
        '2026-07-01 00:00:00'
    ),
    (
        '90db323c-56d0-5fa9-9826-9b1cc6e2eab5',
        'Trauma dumping - vilka problem ser du i din scoutkår?',
        'Trauma dumping - what challenges do you have in your local scout group?',
        'Speeddate med ett ovanligt tema: vad är det som inte riktigt fungerar i din kår? Det där som alltid gnager lite i bakhuvudet men som ingen pratar om?
I snabba rundor får du lufta problemen du ser, höra vad andra kämpar med – och kanske inse att du inte är ensam om dem. Tre minuter per person. Inga filter.',
        'What are the things that don’t quite work? The issues that keep bothering you in the background, but that no one ever brings up?

In a series of quick conversations, you’ll get the chance to share the challenges you notice, hear what others are dealing with, and maybe realise that you’re not the only one facing them. And along the way, you might meet someone with an idea that could help make things better.

Three minutes per person. No filters.',
        NULL,
        '2026-07-27 10:00:00',
        '2026-07-27 11:00:00',
        NULL,
        '8fe15224-f662-5ce0-a1bc-4706c821c590',
        '2026-07-01 00:00:00'
    ),
    (
        '17786f13-ca1b-5efe-acf4-e633f2dfac3b',
        'Mind & Tim Bergling Foundation: Så jobbar vi med ungdomsinflytande',
        'Mind & Tim Bergling Foundation: Så jobbar vi med ungdomsinflytande',
        'Matilda från Mind och Love från Tim Bergling Foundation jobbar båda som ungdomsambassadörer med samma grundfråga: hur får man unga att inte bara bli lyssnade på, utan faktiskt vara med och driva förändring? I det här passet berättar de om hur de arbetar inifrån sina organisationer för att se till att unga är med på riktigt, inte som dekoration, utan som en kraft som faktiskt påverkar vad organisationerna gör.',
        'Matilda från Mind och Love från Tim Bergling Foundation jobbar båda som ungdomsambassadörer med samma grundfråga: hur får man unga att inte bara bli lyssnade på, utan faktiskt vara med och driva förändring? I det här passet berättar de om hur de arbetar inifrån sina organisationer för att se till att unga är med på riktigt, inte som dekoration, utan som en kraft som faktiskt påverkar vad organisationerna gör.',
        NULL,
        '2026-07-27 11:15:00',
        '2026-07-27 12:00:00',
        NULL,
        '8fe15224-f662-5ce0-a1bc-4706c821c590',
        '2026-07-01 00:00:00'
    ),
    (
        'ab44ffae-97b5-5311-9d76-5b96e79ba50e',
        'Mind & Tim Bergling Foundation: Träffa våra ungdomsambassadörer!',
        'Mind & Tim Bergling Foundation: Meet our youth ambassadors!',
        'Hur är det att vara ung och försöka påverka inifrån en organisation? Kom och prata med Matilda från Mind och Love från Tim Bergling Foundation, ställ frågorna du undrar över och hör hur de gör det på riktigt. Perfekt inspiration inför passet om Scouterna verkligen är en organisation av och för unga som tar vid direkt efter.',
        'What is it like to be young and try to create change from within an organisation?

Come and talk to Matilda from Mind and Love from the Tim Bergling Foundation. Ask the questions you have been wondering about and hear how they work to create change in practice.

This is the perfect inspiration before the session that follows, where we explore whether Scouterna (or your national scout organisation) truly is an organisation by and for young people.',
        NULL,
        '2026-07-27 14:00:00',
        '2026-07-27 15:00:00',
        NULL,
        '8fe15224-f662-5ce0-a1bc-4706c821c590',
        NULL
    ),
    (
        '17af255f-d728-5c22-b076-8daae5474bde',
        'WAGGGS & WOSM på besök – hitta din plats i världsscoutingen!',
        'Meet WAGGGS & WOSM - find your place in world scouting.',
        'Vad händer egentligen i världsorganisationerna och hur kan du som ung scout vara en del av det? Eirini från WAGGGS Europa och José från WOSM Europa berättar om hur världsorganisationerna arbetar och hur de företräder unga i globala sammanhang. Men också om hur du kan använda den internationella scoutarenan som plattform för att engagera dig i frågor som är viktiga för dig.',
        'What are the world organisations WAGGGS and WOSM doing, and how can you be a part of it? 
In this session, Eirini from WAGGGS Europe and José from WOSM Europe talk about how the world organisations work and how they represent young people in global contexts. But also about how you can use the international scout arena as a platform to make a difference in issues that matter to you.',
        NULL,
        '2026-07-27 14:45:00',
        '2026-07-27 15:45:00',
        NULL,
        '8fe15224-f662-5ce0-a1bc-4706c821c590',
        '2026-07-01 00:00:00'
    ),
    (
        '272ef6c8-ac23-5c2c-ba08-6b401086f499',
        'En organisation av och för unga, med stöd av vuxna. Eller?',
        'An organisation by and for young people, with support from adults. Or is it?',
        'Scouterna säger sig vara en organisation av och för unga. Men stämmer det? Vem bestämmer egentligen vad som händer i din kår? Vems röst väger tyngst när beslut fattas?
Det här passet är ett samarbete mellan Gnistan och Scouternas folkhögskola där vi tillsammans undersöker frågan på riktigt. Vad innebär det att en organisation faktiskt är av och för unga? Hur ser det ut i praktiken, och vad är det som gör det svårt?
Vi ger inga färdiga svar men strävar efter ett ärligt samtal om hur det faktiskt fungerar.',
        'Scouterna says it is an organisation by and for young people. But is that really the case? Who actually decides what happens in your Scout group? Whose voice carries the most weight when decisions are made?

This session is a collaboration between Gnistan and Scouternas Folkhögskola, where we will explore these questions together. What does it mean for an organisation to truly be by and for young people? What does it look like in practice, and what makes it difficult?

No ready-made answers. Just an honest look at how things actually work.',
        NULL,
        '2026-07-27 16:00:00',
        '2026-07-27 17:00:00',
        NULL,
        '8fe15224-f662-5ce0-a1bc-4706c821c590',
        '2026-07-01 00:00:00'
    ),
    (
        '5699fdf0-232b-5511-a0c9-aaaf232dd936',
        'Deep-talk: Borde jag göra slut med min scoutkår?',
        'Deep-talk: Should you break up with your local scout group?',
        '',
        'All relationships change. Maybe you have the feeling that your voice is not really being heard, that decisions are being made without you, or that your Scout group is moving in a direction you do not believe in.

In this Deep Talk, we take time to sit with that feeling, without pressure and without ready-made answers. What is it that feels off? What would need to change for things to feel right again? And what can you and the people around you actually do about it?',
        NULL,
        '2026-07-27 21:00:00',
        '2026-07-27 22:00:00',
        NULL,
        '8fe15224-f662-5ce0-a1bc-4706c821c590',
        '2026-07-01 00:00:00'
    ),
    (
        'fe751b3a-b3f9-502e-9c5d-dc79d7cf9127',
        'Återträff Blå hajken',
        'Reunion Blå Hajken',
        'Återträff för alla som deltagit i Blå Hajken oavsett vilket år och vilken hajk du gick. Vi samlas alla och splittar sedan upp oss i mindre grupper.',
        'Reunion for all participants in the Blå Hajken',
        6000,
        '2026-07-27 19:30:00',
        '2026-07-27 21:30:00',
        NULL,
        '6a01d4f5-5989-530b-a37b-d53ae9440118',
        '2026-07-01 00:00:00'
    ),
    (
        '734e4cf4-1485-5454-b7fe-ecbb03977bd2',
        'Återträff Go Global',
        'Reunion Go Global',
        'Återträff för alla som deltagit i Go Global oavsett vilket år. Vi samlas alla och splittar sedan upp oss i mindre grupper.',
        'Återträff för alla som deltagit i Go Global oavsett vilket år. Vi samlas alla och splittar sedan upp oss i mindre grupper.',
        200,
        '2026-07-27 20:30:00',
        '2026-07-27 22:30:00',
        NULL,
        '6a01d4f5-5989-530b-a37b-d53ae9440118',
        NULL
    ),
    (
        '647fd0b0-c417-51e0-a2ee-5e712e2d22a9',
        'Återträff Ung i Norden',
        'Reunion Ung i Norden',
        'Återträff för alla som deltagit i Ung i Norden oavsett vilket år. Vi samlas alla och splittar sedan upp oss i mindre grupper.',
        'Återträff för alla som deltagit i Ung i Norden oavsett vilket år. Vi samlas alla och splittar sedan upp oss i mindre grupper.',
        200,
        '2026-07-27 20:30:00',
        '2026-07-27 22:30:00',
        NULL,
        '6a01d4f5-5989-530b-a37b-d53ae9440118',
        '2026-07-01 00:00:00'
    ),
    (
        '4aa4dd5c-2187-530b-a0c9-e006024efeb6',
        'Återträff NAR - Nordic Adeventure Race',
        'Reunion NAR - Nordic Adeventure Race',
        'Återträff för alla som deltagit i NAR oavsett vilket år. Vi samlas alla och splittar sedan upp oss i mindre grupper.',
        'Återträff för alla som deltagit i NAR oavsett vilket år. Vi samlas alla och splittar sedan upp oss i mindre grupper.',
        200,
        '2026-07-27 20:30:00',
        '2026-07-27 22:30:00',
        NULL,
        '6a01d4f5-5989-530b-a37b-d53ae9440118',
        '2026-07-01 00:00:00'
    ),
    (
        'b881e453-dc15-5666-8710-604f137374f4',
        'Återträff Destination',
        'Reunion Destination',
        'Återträff för alla som deltagit i Destination oavsett vilket år. Vi samlas alla och splittar sedan upp oss i mindre grupper.',
        'Återträff för alla som deltagit i Destination oavsett vilket år. Vi samlas alla och splittar sedan upp oss i mindre grupper.',
        200,
        '2026-07-27 20:30:00',
        '2026-07-27 22:30:00',
        NULL,
        '6a01d4f5-5989-530b-a37b-d53ae9440118',
        '2026-07-01 00:00:00'
    ),
    (
        '8905edbc-6fdb-52fd-96d1-c72ab1c30911',
        'Återträff Upplev',
        'Reunion Upplev',
        'Återträff för alla som deltagit i Upplev oavsett vilket år. Vi samlas alla och splittar sedan upp oss i mindre grupper.',
        'Återträff för alla som deltagit i Upplev oavsett vilket år. Vi samlas alla och splittar sedan upp oss i mindre grupper.',
        400,
        '2026-07-27 20:30:00',
        '2026-07-27 22:30:00',
        NULL,
        '6a01d4f5-5989-530b-a37b-d53ae9440118',
        '2026-07-01 00:00:00'
    ),
    (
        'bf3c8d00-859a-5c2e-a139-0485003a95c9',
        'Quiz',
        'Quiz',
        'Kom och var med på quiz! Spela själv eller i lag.',
        'Come and join us for a fun quiz! Play alone or as a team.',
        NULL,
        '2026-07-27 16:00:00',
        '2026-07-27 16:30:00',
        NULL,
        '6a01d4f5-5989-530b-a37b-d53ae9440118',
        NULL
    ),
    (
        'b7235adc-a125-5e79-ad36-3d28925747fa',
        'Karaoke',
        'Karaoke',
        'Kom och sjung till dina favoritlåtar på Heartbeat cafes scen! Skriv upp dig på listan, välj din sång och njut av din stund på scenen!',
        'Come and sing your favorite songs on the Heartbeat Café stage! Sign up on the list, choose your song, and enjoy your moment in the spotlight!',
        NULL,
        '2026-07-27 19:30:00',
        '2026-07-27 21:00:00',
        NULL,
        '6a01d4f5-5989-530b-a37b-d53ae9440118',
        '2026-07-01 00:00:00'
    ),
    (
        'cf73f516-7167-513d-ab05-5ad6f958d69e',
        'Spelkväll!',
        'Game night!',
        'Spelledare på plats, kom och testa!',
        'A game master will be on site—come and give it a go!',
        NULL,
        '2026-07-27 19:00:00',
        '2026-07-27 21:00:00',
        NULL,
        '468c6568-2b5b-59db-9eaf-a1fcac55141e',
        '2026-07-01 00:00:00'
    ),
    (
        'c743dad2-75e2-5870-8367-389485d79ea5',
        'Folkhögskolan tar över ledarhänget',
        'Folkhögskolan tar över ledarhänget',
        'Kom och mingla och få inspiration till kårens utbildningsverksamhet!',
        'Kom och mingla och få inspiration till kårens utbildningsverksamhet!',
        NULL,
        '2026-07-27 19:00:00',
        '2026-07-27 21:00:00',
        NULL,
        '468c6568-2b5b-59db-9eaf-a1fcac55141e',
        '2026-07-01 00:00:00'
    ),
    (
        'ba62753e-ace6-5ea7-815c-5355dca33497',
        'Gospel Gudtjänst',
        'Gospel Service',
        '',
        '',
        NULL,
        '2026-07-27 20:00:00',
        '2026-07-27 21:00:00',
        NULL,
        'c440eaf2-34c8-53ff-8e45-0f196f8d3f10',
        '2026-07-01 00:00:00'
    ),
    (
        '81fd232c-9acd-5f53-9f59-d4c4d22918b4',
        'Gudstjänst',
        'Church Service',
        '',
        '',
        NULL,
        '2026-07-27 21:00:00',
        '2026-07-27 21:30:00',
        NULL,
        'c440eaf2-34c8-53ff-8e45-0f196f8d3f10',
        NULL
    ),
    (
        '751041eb-638b-58d8-b8b1-073554dac7c0',
        'Familjescoutsamtal',
        'Family scout leader gathering',
        'Slå dig ner vid lägerelden och möt familjescoutledare från hela landet, dela erfarenheter, hämta inspiration och skapa nya kontakter.',
        'Gather around the campfire and meet Family Scout leaders from across the country, share experiences, find inspiration, and make new connections.',
        NULL,
        '2026-07-27 10:00:00',
        '2026-07-27 11:00:00',
        NULL,
        '6b32fa25-8341-537f-b8d7-ca4ad5a843a6',
        '2026-07-01 00:00:00'
    ),
    (
        '928bac10-8819-5e75-887e-c412e38e8a1b',
        'Spårarsamtal',
        'Tracker scout leader gathering',
        'Slå dig ner vid lägerelden och möt spårareledare från hela landet, dela erfarenheter, hämta inspiration och skapa nya kontakter.',
        'Gather around the campfire and meet Tracker Scout leaders from across the country, share experiences, find inspiration, and make new connections.',
        NULL,
        '2026-07-27 14:00:00',
        '2026-07-27 15:00:00',
        NULL,
        '6b32fa25-8341-537f-b8d7-ca4ad5a843a6',
        '2026-07-01 00:00:00'
    ),
    (
        'd61cc0ed-dde9-5a95-874f-6a394d470fb7',
        'Utmanarsamtal',
        'Challenger scout leader gathering',
        'Slå dig ner vid lägerelden och möt utmanareledare från hela landet, dela erfarenheter, hämta inspiration och skapa nya kontakter.',
        'Gather around the campfire and meet Challenger Scout leaders from across the country, share experiences, find inspiration, and make new connections.',
        NULL,
        '2026-07-27 19:00:00',
        '2026-07-27 20:00:00',
        NULL,
        '6b32fa25-8341-537f-b8d7-ca4ad5a843a6',
        '2026-07-01 00:00:00'
    ),
    (
        'a9f73bb3-1833-59c7-b061-cc71f236a1a4',
        'RUNCLUB',
        'RUNCLUB',
        'Välkommen att springa eller jogga med vår sponsor! Vi bjbuder på goodiebags till dom 20 första som ansluter! Vi springer i två olika takter och med musik runt lägerområdet för alla som vill kickstarta dagen.',
        'Welcome to run or jog with our sponsor! We are offering goodie bags to the first 20 people who join! We run at two different paces and with music around the camp area for anyone who wants to kickstart the day.',
        NULL,
        '2026-07-27 06:00:00',
        '2026-07-27 07:00:00',
        NULL,
        '8bf3aefe-86d0-5828-b722-f1eec53fbb27',
        '2026-07-01 00:00:00'
    ),
    (
        '1377d746-b0c3-5ec7-b903-81903fd3ca55',
        'Leda Scouting - Kåsa del 1',
        'Leda Scouting - Kåsa del 1',
        'Leda scouting är kursen för dig som vill förstå vad scouting är och hur du skapar verksamhet där scouter får växa, utmanas och ha roligt tillsammans. Här får du inspiration, konkreta verktyg och nya perspektiv på ledarskap i Scouterna. Anmälan via Scoutnet senast 17 juli.',
        '-',
        24,
        '2026-07-27 09:00:00',
        '2026-07-27 12:00:00',
        NULL,
        '8bf3aefe-86d0-5828-b722-f1eec53fbb27',
        NULL
    ),
    (
        'd5380b5b-9d81-54b7-b3cf-054603ee33cd',
        'Speedfriending',
        'Speedfriending',
        '',
        '',
        60,
        '2026-07-27 16:00:00',
        '2026-07-27 17:00:00',
        NULL,
        '8bf3aefe-86d0-5828-b722-f1eec53fbb27',
        '2026-07-01 00:00:00'
    ),
    (
        '471e7101-bac5-54a5-93ab-1c57addf4105',
        'DJ Lingon Groove',
        'DJ Lingon Groove',
        'Helkväll med DJ Lingon Groove - groovy musik att dansa loss till! Släpp loss och dansa hela kvällen lång. En discokväll man inte vill glömma!',
        'All night with DJ Lingon Groove - groovy music to dance to! Let loose and dance all night long. A disco night you won''t want to forget!',
        100,
        '2026-07-27 19:00:00',
        '2026-07-27 22:00:00',
        NULL,
        '8bf3aefe-86d0-5828-b722-f1eec53fbb27',
        '2026-07-01 00:00:00'
    ),
    (
        '27793f1c-f0cf-582f-a2cc-984ccd421417',
        'Roverpoängjakt med de regionala roverarrangemangsutskotten!',
        'Regional Rover groups'' scavenger hunt!',
        'De regionala roverarrangemangsutskotten i Sverige (bl.a. LUFT, RSCAU, RScK och VILSE) bjuder alla roverscouter på en stor poängjakt över hela Jamboreeområdet för att samla poäng i spontana roverlag! Lär känna någon ny eller ta med någon kompis!',
        'The regional rover organizing committees of Sweden (including LUFT, RSCAU, RScK, and VILSE) invite all rovers to a massive scavenger hunt across the Jamboree site, where you can collect points in spontaneously created rover crews! Get to know someone new or bring a friend along!',
        NULL,
        '2026-07-27 19:00:00',
        '2026-07-27 21:00:00',
        NULL,
        'e10efb9b-f353-54dd-811c-e3b516ce79e8',
        '2026-07-01 00:00:00'
    ),
    (
        'a98b2543-6025-5462-b449-bf810ebce753',
        'Projektledning för roverscouter',
        'Project leadership for rovers',
        'Ett inspirerande och praktiskt pass där du får utforska dina egna projektidéer och ta första steget mot att genomföra dem. Genom konkreta exempel och enkla verktyg får du stöd i att förtydliga ditt syfte, sätta riktning och komma igång tillsammans med andra.',
        'Ett inspirerande och praktiskt pass där du får utforska dina egna projektidéer och ta första steget mot att genomföra dem. Genom konkreta exempel och enkla verktyg får du stöd i att förtydliga ditt syfte, sätta riktning och komma igång tillsammans med andra.',
        NULL,
        '2026-07-27 13:15:00',
        '2026-07-27 14:00:00',
        NULL,
        'eadcb315-41e0-546c-b3a5-6b28bfb6c18c',
        '2026-07-01 00:00:00'
    ),
    (
        'b5eb6a48-0a1f-5e2b-8848-f6880c4a7d55',
        'Stand-up kväll!',
        'Stand-up night!',
        '',
        '',
        NULL,
        '2026-07-27 21:00:00',
        '2026-07-27 22:00:00',
        NULL,
        'eadcb315-41e0-546c-b3a5-6b28bfb6c18c',
        NULL
    ),
    (
        'b8961dd7-94d3-5faa-8539-28d23be901a1',
        'Quiz: Om scouter, Skåne och lägerskoj',
        'Quiz: About scouting, Scania and camping fun!',
        '',
        '',
        NULL,
        '2026-07-27 22:00:00',
        '2026-07-27 23:30:00',
        NULL,
        'eadcb315-41e0-546c-b3a5-6b28bfb6c18c',
        '2026-07-01 00:00:00'
    ),
    (
        '93cb71c7-13b9-5a05-8112-161e8c30c1e1',
        'Roverhinderbana',
        'The Rover Obstacle Course',
        'Idag blir det hinderbana – men inte vilken hinderbana som helst! Banan kommer ha fem spår, med respektive färdval som inriktning. Hinderbanan blir därför inte nödvändigtvis en fysisk utmaning, utan utmanar även genom problemlösning, konstruktion, kommunikation och mycket mer! Idag är det drop-in som gäller! Räkna med att en hinderbana tar 1 timme att genomföra, du behöver bara göra en.',
        'Today it will be an obstacle course – but not just any obstacle course! The course will have five tracks, with each track having a diffrent focus. The obstacle course will therefore not necessarily be a physical challenge, but also challenges through problem solving, construction, communication and much more! Today is a drop-in kind of day. Expect one obstacle course to take 1 hour to complete, you only have to do one.',
        NULL,
        '2026-07-27 08:30:00',
        '2026-07-27 12:30:00',
        NULL,
        'ebb7da6c-244f-59f4-8165-898dd0f1b636',
        '2026-07-01 00:00:00'
    ),
    (
        'dcbe3520-35fd-5bf1-bc01-3bf4420c7f3a',
        'Roverhinderbana',
        'The Rover Obstacle Course',
        'Idag blir det hinderbana – men inte vilken hinderbana som helst! Banan kommer ha fem spår, med respektive färdval som inriktning. Hinderbanan blir därför inte nödvändigtvis en fysisk utmaning, utan utmanar även genom problemlösning, konstruktion, kommunikation och mycket mer! Idag är det drop-in som gäller! Räkna med att en hinderbana tar 1 timme att genomföra, du behöver bara göra en.',
        'Today it will be an obstacle course – but not just any obstacle course! The course will have five tracks, with each track having a diffrent focus. The obstacle course will therefore not necessarily be a physical challenge, but also challenges through problem solving, construction, communication and much more! Today is a drop-in kind of day. Expect one obstacle course to take 1 hour to complete, you only have to do one.',
        NULL,
        '2026-07-27 14:00:00',
        '2026-07-27 18:00:00',
        NULL,
        'ebb7da6c-244f-59f4-8165-898dd0f1b636',
        '2026-07-01 00:00:00'
    ),
    (
        '7272a920-5a32-5747-ad7f-3878aeece0ad',
        'Sagostund',
        'Storytime',
        'Inspirerande sagostund öppet för alla',
        'Inspiring story time open to everyone',
        NULL,
        '2026-07-27 08:00:00',
        '2026-07-27 09:00:00',
        NULL,
        'db93cd52-18a4-58c9-ac68-d7c32fe390aa',
        '2026-07-01 00:00:00'
    ),
    (
        'a371cfb1-38a6-5be9-a02d-0e5d373d5012',
        'Kvällsbön',
        'Evening prayer',
        '',
        '',
        NULL,
        '2026-07-27 21:30:00',
        '2026-07-27 22:00:00',
        NULL,
        'db93cd52-18a4-58c9-ac68-d7c32fe390aa',
        NULL
    ),
    (
        'ffcc33c5-3e99-52ea-924b-56e7269e3a4b',
        '27/7 – Midsommar 🌼',
        '27/7 – Midsummer 🌼',
        'Ingen svensk sommar utan midsommar! Vi bjuder på sommarkänsla, musik, dans (ja, kanske blir det Små grodorna...), gott fika och klassiska svenska smaker. Har du en blomsterkrans, en Sverigetröja eller något blått och gult? Ta gärna på dig det och fira midsommar med oss! Missa inte dagens Limited Edition!',
        'No Swedish summer is complete without Midsummer! Join us for a true taste of Swedish summer with music, dancing (yes, there may even be The Little Frogs...), delicious fika, and classic Swedish flavours. Got a flower crown, a Sweden jersey, or something blue and yellow? Wear it and celebrate Midsummer with us! Don''t miss today''s Limited Edition!',
        NULL,
        '2026-07-27 10:00:00',
        '2026-07-27 22:00:00',
        NULL,
        '3cc164ae-2a31-55a9-8a3e-73935189dcf0',
        '2026-07-01 00:00:00'
    ),
    (
        'f04f2856-0477-53a0-9e44-0e2ad5fbb70d',
        'Dagens lek',
        'Dagens lek',
        'Starttider för lekarna kommer finnas på anslagstavlan i hubben',
        'Starttider för lekarna kommer finnas på anslagstavlan i hubben',
        NULL,
        '2026-07-27 09:00:00',
        '2026-07-27 17:00:00',
        NULL,
        'adf125a7-5bf4-5b81-9c9f-bedfce4c0a65',
        '2026-07-01 00:00:00'
    ),
    (
        '419a5558-d525-5f10-a9f3-467c8d860321',
        'Hand the Ball',
        'Hand the Ball',
        '',
        '',
        NULL,
        '2026-07-27 09:00:00',
        '2026-07-27 10:00:00',
        NULL,
        'adf125a7-5bf4-5b81-9c9f-bedfce4c0a65',
        '2026-07-01 00:00:00'
    ),
    (
        'b327ec08-141c-5c24-8e0c-6c57cbe914a9',
        'Kubbturnering',
        'Kubbturnering',
        'Kör snabbkubb mot andra lag. Ni bokar en slottid när erat lag kan köra och paras ihop med andra lag',
        'Kör snabbkubb mot andra lag. Ni bokar en slottid när erat lag kan köra och paras ihop med andra lag',
        NULL,
        '2026-07-27 09:30:00',
        '2026-07-27 11:00:00',
        NULL,
        'adf125a7-5bf4-5b81-9c9f-bedfce4c0a65',
        '2026-07-01 00:00:00'
    ),
    (
        '340bf173-a87f-5fc4-8101-06d9ffcdf112',
        'Kubbturnering',
        'Kubbturnering',
        'Kör snabbkubb mot andra lag. Ni bokar en slottid när erat lag kan köra och paras ihop med andra lag',
        'Kör snabbkubb mot andra lag. Ni bokar en slottid när erat lag kan köra och paras ihop med andra lag',
        NULL,
        '2026-07-27 14:30:00',
        '2026-07-27 16:00:00',
        NULL,
        'adf125a7-5bf4-5b81-9c9f-bedfce4c0a65',
        NULL
    ),
    (
        'bd47dc77-2923-5247-8d41-6f2988fc9d42',
        'Disko!',
        'Disco',
        'Kom och dansa loss i hubben till härlig discomusik. Vi har disko lekar utanför Zvampen och  popcorn kan man hämta vid Murmeldjuret. Ta med en kåsa.',
        'Party with music, dancing and popcorn. We have discogames by Zvampen and hand out popcorn by the Murmeldjuret Tent. Bring a cup.',
        3000,
        '2026-07-27 19:00:00',
        '2026-07-27 21:00:00',
        NULL,
        'adf125a7-5bf4-5b81-9c9f-bedfce4c0a65',
        '2026-07-01 00:00:00'
    ),
    (
        'ab7e0f8c-d271-51c9-8f20-144f2b28fd6c',
        'Lekaktiviteter',
        'Lekaktiviteter',
        'Hämta fotboll, rockring, hopprep, gagaboll boll m.m och spela med patrullkompisar eller nya vänner',
        'Hämta fotboll, rockring, hopprep, gagaboll boll m.m och spela med patrullkompisar eller nya vänner',
        NULL,
        '2026-07-27 09:00:00',
        '2026-07-27 21:00:00',
        NULL,
        'adf125a7-5bf4-5b81-9c9f-bedfce4c0a65',
        '2026-07-01 00:00:00'
    ),
    (
        '697113d8-32f1-5248-acd9-5d4f21d2b815',
        'Bubbelballs',
        'Bubbelballs',
        'Studsa runt i stora uppblåsbara bollar!',
        'Jump around in big inflatable balls!',
        NULL,
        '2026-07-27 09:00:00',
        '2026-07-27 18:30:00',
        NULL,
        'adf125a7-5bf4-5b81-9c9f-bedfce4c0a65',
        '2026-07-01 00:00:00'
    ),
    (
        '8cf6c9a5-0572-5fb7-97e8-f2a0b86f970f',
        'Godnattsaga',
        'Godnattsaga',
        'Avsluta dagen med en mysig godnattsaga i upptäckarhubben',
        'Avsluta dagen med en mysig godnattsaga i upptäckarhubben',
        NULL,
        '2026-07-27 20:30:00',
        '2026-07-27 21:00:00',
        NULL,
        'b70eb2f8-96dc-5ecb-b551-c28f1fb1ffb0',
        '2026-07-01 00:00:00'
    ),
    (
        'a15d66d0-7cca-50de-a4b0-717651865798',
        'Kåsan',
        'Kåsan',
        '',
        '',
        NULL,
        '2026-07-27 09:00:00',
        '2026-07-27 21:00:00',
        NULL,
        '0f29d7b2-b1e9-5371-8dd6-8e967c002208',
        NULL
    ),
    (
        '610885be-25c9-51f7-b3aa-4abb9f1a4b73',
        'Känslokartan',
        'Känslokartan',
        '',
        '',
        NULL,
        '2026-07-27 09:00:00',
        '2026-07-27 21:00:00',
        NULL,
        '1a4f6eda-8d95-5fc9-8f3d-b663ecf6b4d3',
        '2026-07-01 00:00:00'
    ),
    (
        'c7dce563-ead5-5d00-ade9-cc7796b5f2b3',
        'Brädspel',
        'Brädspel',
        'Brädspel',
        'Boardgames',
        NULL,
        '2026-07-27 09:00:00',
        '2026-07-27 21:00:00',
        NULL,
        '1a4f6eda-8d95-5fc9-8f3d-b663ecf6b4d3',
        '2026-07-01 00:00:00'
    ),
    (
        'e392b8e1-350c-5a6b-87c9-bd98f96558f3',
        'Cybersäkerhet med Unga forskare',
        'Cybersäkerhet med Unga forskare',
        '',
        '',
        NULL,
        '2026-07-27 09:00:00',
        '2026-07-27 21:00:00',
        NULL,
        '1a4f6eda-8d95-5fc9-8f3d-b663ecf6b4d3',
        '2026-07-01 00:00:00'
    ),
    (
        '87e1b1cb-9009-546b-955a-c1756d87737f',
        'Hantverksfokus: Täljning',
        'Hantverksfokus: Täljning',
        'Scouterna ska denna dagen ha med sig en ledare per patrull på pysslet för att ha översikt på scouterna medans de täljer',
        'Scouterna ska denna dagen ha med sig en ledare per patrull på pysslet för att ha översikt på scouterna medans de täljer',
        NULL,
        '2026-07-27 09:00:00',
        '2026-07-27 21:00:00',
        NULL,
        '814b68b7-cae2-52f0-8a6d-9d13797bdabf',
        '2026-07-01 00:00:00'
    ),
    (
        '9e60857a-fe9c-56b0-95da-eac7249b4d07',
        'Knoprep',
        'Knoprep',
        'Knoprep och instruktion finns för att lära sig en ny knop',
        'Learn a new knot, there is rope and intructions',
        NULL,
        '2026-07-27 09:00:00',
        '2026-07-27 21:00:00',
        NULL,
        '814b68b7-cae2-52f0-8a6d-9d13797bdabf',
        NULL
    ),
    (
        '973ad700-673a-5f3a-b186-3bb43e890bb3',
        'Tillsammans målning',
        'Tillsammans målning',
        'Hjälp till att skapa en målning tillsammans. Rita något på tavlan som betyder jamboree för dig.',
        'Help creating a picture together. Draw something that means jamboree to you.',
        NULL,
        '2026-07-27 09:00:00',
        '2026-07-27 21:00:00',
        NULL,
        '814b68b7-cae2-52f0-8a6d-9d13797bdabf',
        '2026-07-01 00:00:00'
    ),
    (
        'e8084f74-02e6-52b8-83c3-3919e0701795',
        'Halmpool',
        'Halmpool',
        'Hoppa ner i halmen, kan du hitta nålen i halmstacken?',
        'Jump in the haystack. Can you find the needle in the hay?',
        NULL,
        '2026-07-27 09:00:00',
        '2026-07-27 21:00:00',
        NULL,
        'c5a754b1-5317-5ee3-a031-49caf710672e',
        '2026-07-01 00:00:00'
    ),
    (
        'bc6ab101-53ed-5514-a44e-bdf5ddd57962',
        'Slankaruseller',
        'Slankaruseller',
        'Åk på en karusell byggd av slanor.',
        'Ride a carousel made of wood.',
        NULL,
        '2026-07-27 09:00:00',
        '2026-07-27 21:00:00',
        NULL,
        'c5a754b1-5317-5ee3-a031-49caf710672e',
        '2026-07-01 00:00:00'
    ),
    (
        '9cf4dfd8-d2d6-58aa-be42-2bffdc4488ac',
        'Svensk klassiker',
        'Swedish Classic',
        '',
        '',
        NULL,
        '2026-07-27 09:00:00',
        '2026-07-27 12:00:00',
        NULL,
        '28096a60-107b-5452-9898-b3609640ffb9',
        '2026-07-01 00:00:00'
    ),
    (
        '2250b265-08b5-5ada-ac0c-d982c9a4a0e4',
        'Svensk klassiker',
        'Swedish Classic',
        '',
        '',
        NULL,
        '2026-07-27 14:00:00',
        '2026-07-27 17:00:00',
        NULL,
        '28096a60-107b-5452-9898-b3609640ffb9',
        NULL
    ),
    (
        '894b794e-82be-510f-ace5-f7ada9983f04',
        'Våga utmana normerna',
        'Våga utmana normerna',
        '',
        'Ett interaktivt pass där du får utforska vad normer är, hur de påverkar oss och varför normkritik är ett viktigt verktyg för ett mer inkluderande samhälle. Genom övningar, reflektion och samtal får du syn på normer i vardagen och hur du kan bidra till att skapa tryggare och mer välkomnande sammanhang.',
        NULL,
        '2026-07-27 09:15:00',
        '2026-07-27 10:00:00',
        NULL,
        '3ef6ac67-e626-5420-a7a0-23e589b76940',
        '2026-07-01 00:00:00'
    ),
    (
        '0d878812-5868-5f0a-bab4-2001c0fafcdc',
        'Hand the Ball',
        'Hand the Ball',
        'Hand the Ball – låda med psykiska utmaningar. 
Hand the Ball ger barn och unga en trygg och meningsfull fritid – där rörelseglädje, gemenskap och självförtroende står i centrum. 
Det är ett lekfullt bollkoncept med enkla övningar och värderingsbaserade aktiviteter, utvecklat för att skapa trygga mötesplatser i skolor och på fritids.',
        'Hand the Ball gives children and young people a safe and meaningful leisure experience, where the joy of movement, a sense of belonging, and self-confidence are at the heart of every activity. It is a playful ball-based concept featuring simple exercises and values-based activities, designed to create safe and welcoming environments in schools and after-school programs. It is a playful ball-based concept featuring simple exercises and values-based activities, designed to create safe and welcoming environments in schools and after-school programs.',
        NULL,
        '2026-07-27 11:00:00',
        '2026-07-27 12:00:00',
        NULL,
        '3ef6ac67-e626-5420-a7a0-23e589b76940',
        '2026-07-01 00:00:00'
    ),
    (
        '4e3821d7-8615-5f3e-8829-7000f05c9711',
        'Våga utmana normerna',
        'Våga utmana normerna',
        '',
        'Ett interaktivt pass där du får utforska vad normer är, hur de påverkar oss och varför normkritik är ett viktigt verktyg för ett mer inkluderande samhälle. Genom övningar, reflektion och samtal får du syn på normer i vardagen och hur du kan bidra till att skapa tryggare och mer välkomnande sammanhang.',
        NULL,
        '2026-07-27 13:15:00',
        '2026-07-27 14:00:00',
        NULL,
        '3ef6ac67-e626-5420-a7a0-23e589b76940',
        '2026-07-01 00:00:00'
    ),
    (
        'a6700f46-99c8-57f6-b195-df8de00b2a99',
        'Trygghetsspelet',
        'The Safety Game',
        'Trygghetsspelet är en interaktiv, spelbaserad aktivitet där scouter tillsammans utforskar frågor om trygghet, gränser, relationer och kroppslig integritet – både i vardagen och digitalt.',
        'The Safety Game is an interactive, game-based activity in which Scouts explore topics such as safety, personal boundaries, relationships, and bodily integrity together—both in everyday life and in digital environments.',
        15,
        '2026-07-27 18:00:00',
        '2026-07-27 19:00:00',
        NULL,
        '3ef6ac67-e626-5420-a7a0-23e589b76940',
        '2026-07-01 00:00:00'
    ),
    (
        '9e29c220-5584-5735-b757-27f5f9b5d57e',
        'Musikquiz',
        'Music Quiz',
        '',
        '',
        NULL,
        '2026-07-27 10:00:00',
        '2026-07-27 11:00:00',
        NULL,
        '3ef6ac67-e626-5420-a7a0-23e589b76940',
        NULL
    ),
    (
        '6da1cb24-e376-514e-a5d5-7da3c4c45660',
        'Musikquiz',
        'Music Quiz',
        '',
        '',
        NULL,
        '2026-07-27 10:00:00',
        '2026-07-27 11:00:00',
        NULL,
        '3ef6ac67-e626-5420-a7a0-23e589b76940',
        '2026-07-01 00:00:00'
    ),
    (
        '9c14b462-2c71-5f6d-8b04-59300e848a77',
        'Mekanisk tjur',
        'Mechanical bull',
        'Testa hur länge du kan sitta på tjurens rygg! Kanske är det svårare än du tror?',
        'See how long you can stay on the bull’s back! It might be harder than you think?',
        NULL,
        '2026-07-27 09:00:00',
        '2026-07-27 21:00:00',
        NULL,
        '59e1df30-6abb-58a0-b951-0da741883428',
        '2026-07-01 00:00:00'
    ),
    (
        'f9be63fd-339d-559e-9591-0c9ef66e9e2a',
        'Femkamp',
        'Pentathlon',
        'Utmana dig själv och varandra genom att försöka nå bästa möjliga resultat i Äventyrarhubbens femkamp! Kanske får du och dina vänner chans att skryta om ert rekord på hubbens anslagstavlor?',
        'Challenge yourself and each other by trying to achieve the best possible results in the pentathlon of Äventyrarhubben! Maybe you and your friends will get the chance to brag about your record on the hub’s bulletin boards?',
        NULL,
        '2026-07-27 09:00:00',
        '2026-07-27 17:00:00',
        NULL,
        '59e1df30-6abb-58a0-b951-0da741883428',
        '2026-07-01 00:00:00'
    ),
    (
        'a32d19c5-987d-5fca-a48a-39d55d8bdc16',
        'Unga forskare',
        'Unga forskare',
        'Testa på spännande aktiviteter med Unga Forskare!',
        'Try out exciting activities with Young Scientists!',
        NULL,
        '2026-07-27 09:00:00',
        '2026-07-27 17:00:00',
        NULL,
        '752c0d21-3c68-50d2-bf8a-53ee8fa96895',
        '2026-07-01 00:00:00'
    ),
    (
        '5e5bd9f4-bd09-5802-9d8b-5cf077f5332a',
        'Hand the Ball',
        'Hand the Ball',
        'Testa på roliga bollaktiviteter!',
        'Try out fun ball activities!',
        NULL,
        '2026-07-27 10:00:00',
        '2026-07-27 11:00:00',
        NULL,
        '410166cf-c3f9-547e-8d04-88011947a675',
        NULL
    ),
    (
        'fbc1da73-3032-5b07-81c3-834b369cdbb4',
        'The Great Migration of Birds with THE HERDS',
        'The Great Migration of Birds with THE HERDS',
        'THE HERDS är ett banbrytande offentligt konstprojekt som låter djurnaturtrogna dockor i naturlig storlek ge sig ut på en episk resa från Kongobäckenet till Norra polcirkeln och låter publiken komma nära klimatkrisens verklighet. Projektet har skapats av The Walk Productions, teamet bakom Little Amal. THE HERDS har rest genom städer och landskap världen över och samlat konstnärer, unga människor och lokalsamhällen för att tillsammans föreställa sig en bättre framtid för vår planet. På Jamboree26 bjuds du in att bli en del av berättelsen. Tillsammans med THE HERDS-teamet får du skapa din egen flyttfågeldocka och upptäcka de fantastiska resor som fåglar gör genom länder, klimat och livsmiljöer. Genom dockteater, rörelse och berättande får du lära dig hur fåglar varje år färdas tusentals kilometer och vilka utmaningar de möter längs vägen. Tillsammans kommer deltagarna att skapa flockar av fåglar som växer under veckan och som så småningom kommer att vandra genom jamboreeområdet för att möta THE HERDS gorilla, som har rest hela vägen från Kinshasa i Kongobäckenet. Denna roliga och praktiska workshop kombinerar kreativitet, klimatmedvetenhet och gemensamt engagemang. Den ger unga människor möjlighet att bli en del av ett storskaligt konstnärligt projekt och bidra till en minnesvärd avslutande samling på Jamboree26. Inga förkunskaper behövs – bara fantasi, nyfikenhet och en vilja att följa med på flytten. OBS! Workshopen är på engelska.',
        'THE HERDS is a groundbreaking public art project bringing life-sized animal puppets on an epic journey from the Congo Basin to the Arctic Circle, bringing audiences face to face with the climate crisis. Created by The Walk Productions, the team behind Little Amal, THE HERDS has travelled through cities and landscapes around the world, bringing together artists, young people and communities to imagine a better future for our planet. At Jamboree26, you are invited to become part of the story. Join THE HERDS team to create your own migratory bird puppet and discover the incredible journeys birds make across countries, climates and habitats. Through puppetry, movement and storytelling, you’ll learn how birds travel thousands of miles each year and the challenges they face along the way. Together, participants will create flocks of birds that will grow throughout the week, eventually journeying across the Jamboree site to meet THE HERDS Gorilla, who has travelled all the way from Kinshasa in the Congo Basin. This fun, hands-on workshop combines creativity, climate awareness and collective action, giving young people the chance to become part of a large-scale artistic event and help create a memorable final gathering at Jamboree26. No previous experience is needed - just imagination, curiosity and a willingness to join the migration.',
        45,
        '2026-07-28 16:00:00',
        '2026-07-28 17:00:00',
        NULL,
        '61dd8139-dc09-560d-95c3-68848553690c',
        '2026-07-01 00:00:00'
    ),
    (
        '4c9b890c-63bb-55b1-89e4-6935d327a556',
        'Henrik Wahlström – Uppochner: Att leva med och tala om psykisk ohälsa',
        'Henrik Wahlström – Uppochner: Att leva med och tala om psykisk ohälsa',
        'Psykisk ohälsa berör oss alla – direkt eller indirekt. Men hur pratar vi om det på ett sätt som gör skillnad? I den här föreläsningen delar Henrik Wahlström med sig av sin egen resa med bipolär sjukdom och vikten av att bryta stigman kring diagnoser och psykisk ohälsa. Med värme, insikt och en stor dos igenkänning ger han perspektiv på hur vi kan skapa en mer öppen och inkluderande dialog kring psykisk hälsa – både i arbetslivet och privat.  Föreläsningen hålls av Henrik Wahlström.',
        'Psykisk ohälsa berör oss alla – direkt eller indirekt. Men hur pratar vi om det på ett sätt som gör skillnad? I den här föreläsningen delar Henrik Wahlström med sig av sin egen resa med bipolär sjukdom och vikten av att bryta stigman kring diagnoser och psykisk ohälsa. Med värme, insikt och en stor dos igenkänning ger han perspektiv på hur vi kan skapa en mer öppen och inkluderande dialog kring psykisk hälsa – både i arbetslivet och privat.  Föreläsningen hålls av Henrik Wahlström.',
        NULL,
        '2026-07-28 13:30:00',
        '2026-07-28 15:00:00',
        NULL,
        '61dd8139-dc09-560d-95c3-68848553690c',
        '2026-07-01 00:00:00'
    ),
    (
        '9677d2d0-534a-5834-bb70-8357fe094083',
        'En organsation av och för unga, med stöd av vuxna. Eller?',
        'An organisation by and for young people, with support from adults. Or is it?',
        'Scouterna säger sig vara en organisation av och för unga. Men vad innebär det egentligen i praktiken och vilket ansvar lägger det på dig som vuxen ledare?
Det här passet är ett samarbete mellan Gnistan och Scouternas folkhögskola och riktar sig till dig som scoutledare. Hur skapar du en miljö där unga faktiskt tar plats och får fatta beslut på riktigt? Hur tar du tillvara på deras idéer utan att omedvetet styra dem i en riktning du redan bestämt? Och vad händer egentligen när vi säger att unga ska ha inflytande men ändå alltid har sista ordet själva?
Inga färdiga svar. Bara ett ärligt samtal om vad det faktiskt krävs av oss vuxna för att göra orden sanna.',
        'Scouterna says it''s an organisation of and for young people. But what does that actually mean in practice – and what responsibility does that place on you as an adult leader?
This session is a collaboration between Gnistan and Scouternas folkhögskola and is aimed at you who work with or lead young people. How do you create an environment where young people actually take up space and get to make real decisions? How do you make the most of their ideas without unconsciously steering them in a direction you''ve already decided? And what really happens when we say young people should have influence – but adults always have the final say?
No ready-made answers. Just an honest conversation about what it actually takes from us as adults to make the words ring true.',
        NULL,
        '2026-07-28 10:00:00',
        '2026-07-28 11:00:00',
        NULL,
        '8fe15224-f662-5ce0-a1bc-4706c821c590',
        '2026-07-01 00:00:00'
    ),
    (
        '58e738bf-54ce-553f-8c01-9322a4f60b11',
        'Vad tycker makten om dig som ung? KFUM har svaret!',
        'Vad tycker makten om dig som ung? KFUM har svaret!',
        'Spoiler: Demokrati är mycket mer än valdagen. Kom förbi upptäck vad KFUMs nya rapport säger om maktens syn på unga och hur vi kan förändra den tillsammans.',
        'Spoiler: Demokrati är mycket mer än valdagen. Kom förbi upptäck vad KFUMs nya rapport säger om maktens syn på unga och hur vi kan förändra den tillsammans.',
        NULL,
        '2026-07-28 11:00:00',
        '2026-07-28 12:00:00',
        NULL,
        '8fe15224-f662-5ce0-a1bc-4706c821c590',
        '2026-07-01 00:00:00'
    ),
    (
        'f492b12d-c637-5616-85bb-2a5eed4ad3a3',
        'Desinformation, demokrati och sköldpaddor',
        'Desinformation, demokrati och sköldpaddor',
        'På vilket sätt hotar desinformation vår demokrati och yttrandefriheten? Vilka är de fula tricken, vilka är riskerna för var och en av oss och hur kan en sköldpaddas kamp för berömmelse hjälpa oss att genomskåda och stå emot dem?
Sara Ahnborg jobbar till vardags i Bryssel med EU:s strategier mot desinformation. Hon berättar om sitt jobb, delar med sig av tricks som gör oss mer svårlurade och tar med sköldpaddans hjälp med oss på en vandring i desinformationens djungel.',
        'På vilket sätt hotar desinformation vår demokrati och yttrandefriheten? Vilka är de fula tricken, vilka är riskerna för var och en av oss och hur kan en sköldpaddas kamp för berömmelse hjälpa oss att genomskåda och stå emot dem?
Sara Ahnborg jobbar till vardags i Bryssel med EU:s strategier mot desinformation. Hon berättar om sitt jobb, delar med sig av tricks som gör oss mer svårlurade och tar med sköldpaddans hjälp med oss på en vandring i desinformationens djungel.',
        NULL,
        '2026-07-28 14:00:00',
        '2026-07-28 15:00:00',
        NULL,
        '8fe15224-f662-5ce0-a1bc-4706c821c590',
        NULL
    ),
    (
        '7ca65d9b-1b5a-57c5-8b9f-af5689290f07',
        'Treskablinoll: Små beteenden, stor skillnad – om normer och att skapa ett tryggare klimat',
        'Treskablinoll: Små beteenden, stor skillnad – om normer och att skapa ett tryggare klimat',
        'Vem bestämmer egentligen hur killar och tjejer "ska" vara? Hur är det att vara ung idag när sexualiserat innehåll finns överallt och gränsen mellan det digitala och irl blir allt suddigare? Hur påverkar det våra förväntningar på relationer, sex och vad som känns okej?
Kom och lyssna på Natalia och Maria från Treskablinoll! De börjar med en kort föreläsning och fortsätter sedan med ett samtal där alla får vara med. Tillsammans vrider och vänder vi på de här frågorna och utforskar hur jargong, normer och små beteenden kan skapa både trygghet och otrygghet - och vad vi kan göra för att skapa en tryggare kultur i scoutkåren, skolan och bland våra kompisar.',
        'Vem bestämmer egentligen hur killar och tjejer "ska" vara? Hur är det att vara ung idag när sexualiserat innehåll finns överallt och gränsen mellan det digitala och irl blir allt suddigare? Hur påverkar det våra förväntningar på relationer, sex och vad som känns okej?
Kom och lyssna på Natalia och Maria från Treskablinoll! De börjar med en kort föreläsning och fortsätter sedan med ett samtal där alla får vara med. Tillsammans vrider och vänder vi på de här frågorna och utforskar hur jargong, normer och små beteenden kan skapa både trygghet och otrygghet - och vad vi kan göra för att skapa en tryggare kultur i scoutkåren, skolan och bland våra kompisar.',
        NULL,
        '2026-07-28 16:00:00',
        '2026-07-28 17:00:00',
        NULL,
        '8fe15224-f662-5ce0-a1bc-4706c821c590',
        '2026-07-01 00:00:00'
    ),
    (
        'ea9ade84-ef31-5f6e-830c-93008709c11a',
        'Quiz',
        'Quiz',
        'Kom och var med på quiz! Spela själv eller i lag.',
        'Come and join us for a fun quiz! Play alone or as a team.',
        NULL,
        '2026-07-28 16:00:00',
        '2026-07-28 16:30:00',
        NULL,
        '6a01d4f5-5989-530b-a37b-d53ae9440118',
        '2026-07-01 00:00:00'
    ),
    (
        'c9eb6f09-a37c-50b9-abb7-1dd54c98a49f',
        'Äventyrararsamtal',
        'Adventurer scout leader gathering',
        'Slå dig ner vid lägerelden och möt Äventyrarledare från hela landet, dela erfarenheter, hämta inspiration och skapa nya kontakter.',
        'Gather around the campfire and meet Adventurer Scout leaders from across the country, share experiences, find inspiration, and make new connections.',
        NULL,
        '2026-07-28 10:00:00',
        '2026-07-28 11:00:00',
        NULL,
        '6b32fa25-8341-537f-b8d7-ca4ad5a843a6',
        '2026-07-01 00:00:00'
    ),
    (
        '43550c20-55bc-5f9a-a8fd-a260997e1759',
        'Upptäckarsamtal',
        'Explorer scout leader gathering',
        'Slå dig ner vid lägerelden och möt upptäckarledare från hela landet, dela erfarenheter, hämta inspiration och skapa nya kontakter.',
        'Gather around the campfire and meet Explorer Scout leaders from across the country, share experiences, find inspiration, and make new connections.',
        NULL,
        '2026-07-28 14:00:00',
        '2026-07-28 15:00:00',
        NULL,
        '6b32fa25-8341-537f-b8d7-ca4ad5a843a6',
        '2026-07-01 00:00:00'
    ),
    (
        '76fd5ec7-3097-52af-a625-fdbc403797d9',
        'Leda Scouting - Kåsa del 2',
        'Leda Scouting - Kåsa del 2',
        'Leda scouting är kursen för dig som vill förstå vad scouting är och hur du skapar verksamhet där scouter får växa, utmanas och ha roligt tillsammans. Här får du inspiration, konkreta verktyg och nya perspektiv på ledarskap i Scouterna. Anmälan via Scoutnet senast 17 juli.',
        '-',
        24,
        '2026-07-28 09:00:00',
        '2026-07-28 12:00:00',
        NULL,
        '8bf3aefe-86d0-5828-b722-f1eec53fbb27',
        NULL
    ),
    (
        '24d1ae2b-6f15-5b63-92fe-3c01cf5151e5',
        'Svenska Freds',
        'Swedish Peace',
        '',
        '',
        NULL,
        '2026-07-28 14:00:00',
        '2026-07-28 16:00:00',
        NULL,
        '8bf3aefe-86d0-5828-b722-f1eec53fbb27',
        '2026-07-01 00:00:00'
    ),
    (
        '35249f33-50d1-57b2-8f12-fd99ce64cf47',
        'Bris',
        'Bris',
        'BRIS delar med sig om vad som kan vara viktigt att tänka på när man möter barn i kris, om faktorer som stärker motståndskraft och underlättar återhämtning. Tillsammans med andra ledare får du reflektera och dela erfarenheter och tankar kring hur man kan vara ett stöd för barn i kris. Föreläsningen hålls av Anneli Öhrling, BRIS.',
        'BRIS delar med sig om vad som kan vara viktigt att tänka på när man möter barn i kris, om faktorer som stärker motståndskraft och underlättar återhämtning. Tillsammans med andra ledare får du reflektera och dela erfarenheter och tankar kring hur man kan vara ett stöd för barn i kris. Föreläsningen hålls av Anneli Öhrling, BRIS.',
        NULL,
        '2026-07-28 16:00:00',
        '2026-07-28 17:00:00',
        NULL,
        '8bf3aefe-86d0-5828-b722-f1eec53fbb27',
        '2026-07-01 00:00:00'
    ),
    (
        '82cc345e-54ce-569a-9c23-73dab334769a',
        'Kan vi vara scouter och aktivister samtidigt?',
        'Can we be scouts and activists at the same time?',
        'Ett tankeväckande pass där du får utforska relationen mellan scouting, engagemang och samhällsförändring. Genom reflektion och samtal får du diskutera vad det innebär att ta ställning, göra din röst hörd och hur scoutings värderingar kan ta sig uttryck i frågor som engagerar.',
        'Ett tankeväckande pass där du får utforska relationen mellan scouting, engagemang och samhällsförändring. Genom reflektion och samtal får du diskutera vad det innebär att ta ställning, göra din röst hörd och hur scoutings värderingar kan ta sig uttryck i frågor som engagerar.',
        NULL,
        '2026-07-28 13:15:00',
        '2026-07-28 14:00:00',
        NULL,
        'eadcb315-41e0-546c-b3a5-6b28bfb6c18c',
        '2026-07-01 00:00:00'
    ),
    (
        '784116ea-ea92-5a89-b5b4-1c9060b8b157',
        'Certifierad kurs i kramande',
        'Become a certified hugger',
        '',
        '',
        NULL,
        '2026-07-28 18:00:00',
        '2026-07-28 19:00:00',
        NULL,
        'eadcb315-41e0-546c-b3a5-6b28bfb6c18c',
        '2026-07-01 00:00:00'
    ),
    (
        'f40c0dff-d0e6-5b3a-aa19-a445c03d54e1',
        'Speedfriending',
        'Speed-friending',
        '',
        '',
        NULL,
        '2026-07-28 19:00:00',
        '2026-07-28 21:00:00',
        NULL,
        'eadcb315-41e0-546c-b3a5-6b28bfb6c18c',
        NULL
    ),
    (
        'a62f1b5d-e3c4-5038-bf8c-20ac8cd32658',
        'Speeddejting',
        'Speed-dating',
        '',
        '',
        NULL,
        '2026-07-28 21:00:00',
        '2026-07-28 23:59:00',
        NULL,
        'eadcb315-41e0-546c-b3a5-6b28bfb6c18c',
        '2026-07-01 00:00:00'
    ),
    (
        'efa3894a-48c1-5122-a5dd-1fb9d38caa76',
        'Tillsammans bygger vi Sverige',
        'Let´s build sweden togethe',
        'Idag ska vi pussla ihop hela vårt land! Genom att tillsammans, med gott samarbete och klokt ledarskap, genomföra olika uppgifter och utmaningar kommer ni tillsammans bidra till att bokstavligen bygga ihop hela Sverige! Idag är det fasta starttider som gäller, Kom i Tid!',
        'Today we are going to put together a puzzle of our entire country! By working together, with good cooperation and wise leadership, and completing various tasks and challenges, you will together contribute to literally building the whole of Sweden together! Today the starting times are fixed, be on Time!',
        NULL,
        '2026-07-28 08:30:00',
        '2026-07-28 10:30:00',
        NULL,
        'ebb7da6c-244f-59f4-8165-898dd0f1b636',
        '2026-07-01 00:00:00'
    ),
    (
        '1afdb52a-3c28-5aa6-88f3-87c059d4d6f4',
        'Tillsammans bygger vi Sverige',
        'Let´s build sweden togethe',
        'Idag ska vi pussla ihop hela vårt land! Genom att tillsammans, med gott samarbete och klokt ledarskap, genomföra olika uppgifter och utmaningar kommer ni tillsammans bidra till att bokstavligen bygga ihop hela Sverige! Idag är det fasta starttider som gäller, Kom i Tid!',
        'Today we are going to put together a puzzle of our entire country! By working together, with good cooperation and wise leadership, and completing various tasks and challenges, you will together contribute to literally building the whole of Sweden together! Today the starting times are fixed, be on Time!',
        NULL,
        '2026-07-28 10:30:00',
        '2026-07-28 12:30:00',
        NULL,
        'ebb7da6c-244f-59f4-8165-898dd0f1b636',
        '2026-07-01 00:00:00'
    ),
    (
        '145c51dd-fb96-5a8a-8f2b-0a83aa4ee067',
        'Tillsammans bygger vi Sverige',
        'Let´s build sweden togethe',
        'Idag ska vi pussla ihop hela vårt land! Genom att tillsammans, med gott samarbete och klokt ledarskap, genomföra olika uppgifter och utmaningar kommer ni tillsammans bidra till att bokstavligen bygga ihop hela Sverige! Idag är det fasta starttider som gäller, Kom i Tid!',
        'Today we are going to put together a puzzle of our entire country! By working together, with good cooperation and wise leadership, and completing various tasks and challenges, you will together contribute to literally building the whole of Sweden together! Today the starting times are fixed, be on Time!',
        NULL,
        '2026-07-28 14:00:00',
        '2026-07-28 16:00:00',
        NULL,
        'ebb7da6c-244f-59f4-8165-898dd0f1b636',
        '2026-07-01 00:00:00'
    ),
    (
        'ef6cff35-bb58-58d6-9ad5-74d373d01035',
        'Tillsammans bygger vi Sverige',
        'Let´s build sweden togethe',
        'Idag ska vi pussla ihop hela vårt land! Genom att tillsammans, med gott samarbete och klokt ledarskap, genomföra olika uppgifter och utmaningar kommer ni tillsammans bidra till att bokstavligen bygga ihop hela Sverige! Idag är det fasta starttider som gäller, Kom i Tid!',
        'Today we are going to put together a puzzle of our entire country! By working together, with good cooperation and wise leadership, and completing various tasks and challenges, you will together contribute to literally building the whole of Sweden together! Today the starting times are fixed, be on Time!',
        NULL,
        '2026-07-28 16:00:00',
        '2026-07-28 18:00:00',
        NULL,
        'ebb7da6c-244f-59f4-8165-898dd0f1b636',
        NULL
    ),
    (
        'fbae3f1c-2b9a-55c4-9a46-43f90201c1d1',
        'Sagostund',
        'Storytime',
        'Inspirerande sagostund öppet för alla',
        'Inspiring story time open to everyone',
        NULL,
        '2026-07-28 08:00:00',
        '2026-07-28 09:00:00',
        NULL,
        'db93cd52-18a4-58c9-ac68-d7c32fe390aa',
        '2026-07-01 00:00:00'
    ),
    (
        '6b0a98a1-1c86-5fb8-a5c0-d2a1b40510a2',
        'Kvällsbön',
        'Evening prayer',
        '',
        '',
        NULL,
        '2026-07-28 22:00:00',
        '2026-07-28 22:30:00',
        NULL,
        'db93cd52-18a4-58c9-ac68-d7c32fe390aa',
        '2026-07-01 00:00:00'
    ),
    (
        '4c41a1ac-f0cf-5f7a-b87c-41dd760c976b',
        '28/7 – Kräftskiva 🦞',
        '28/7 – Crayfish Party 🦞',
        'Kräftor till alla? Nja... det hade sprängt budgeten snabbare än du hinner säga "västerbottenost". Istället serverar vi en smak av den svenska kräftskivan med vår egen specialitet. Har du något rött, en rolig hatt eller något festligt? Då passar du perfekt in på vår kräftskiva! Kom för maten, stanna för stämningen – och dagens Limited Edition!',
        'Crayfish for everyone? Well... that would blow our budget faster than you can say "Västerbotten cheese." Instead, we''re serving our own take on the classic Swedish crayfish party with one of our specialities. Got something red, a fun hat, or festive clothing? Then you''ll fit right in! Come for the food, stay for the atmosphere – and today''s Limited Edition!',
        NULL,
        '2026-07-28 10:00:00',
        '2026-07-28 22:00:00',
        NULL,
        '3cc164ae-2a31-55a9-8a3e-73935189dcf0',
        '2026-07-01 00:00:00'
    ),
    (
        'c65ebccd-58df-5af6-9536-7bace9994258',
        'Parad till lägerbål',
        'Campfire parade',
        'Parad tillsammans till lägerbålet.',
        'Parade to the big campfire.',
        3000,
        '2026-07-28 18:30:00',
        '2026-07-28 19:00:00',
        NULL,
        'adf125a7-5bf4-5b81-9c9f-bedfce4c0a65',
        '2026-07-01 00:00:00'
    ),
    (
        'e188aa7c-da5f-505a-96b4-f169416df98d',
        'Dagens lek',
        'Dagens lek',
        'Starttider för lekarna kommer finnas på anslagstavlan i hubben',
        'Starttider för lekarna kommer finnas på anslagstavlan i hubben',
        NULL,
        '2026-07-28 09:00:00',
        '2026-07-28 17:00:00',
        NULL,
        'adf125a7-5bf4-5b81-9c9f-bedfce4c0a65',
        NULL
    ),
    (
        '3e0bd307-6448-5c91-9ae5-f434a64a9247',
        'Brottning',
        'Brottning',
        'Kom och testa på brottning tillsammans med vinslövs brottningsklubb. Vi rekomenderar kläder du kan röra dig i',
        'Kom och testa på brottning tillsammans med vinslövs brottningsklubb. Vi rekomenderar kläder du kan röra dig i',
        40,
        '2026-07-28 09:00:00',
        '2026-07-28 09:45:00',
        NULL,
        'adf125a7-5bf4-5b81-9c9f-bedfce4c0a65',
        '2026-07-01 00:00:00'
    ),
    (
        '619ef56a-a375-5507-83e0-b3d7433492e5',
        'Brottning',
        'Brottning',
        'Kom och testa på brottning tillsammans med vinslövs brottningsklubb. Vi rekomenderar kläder du kan röra dig i',
        'Kom och testa på brottning tillsammans med vinslövs brottningsklubb. Vi rekomenderar kläder du kan röra dig i',
        40,
        '2026-07-28 10:00:00',
        '2026-07-28 10:45:00',
        NULL,
        'adf125a7-5bf4-5b81-9c9f-bedfce4c0a65',
        '2026-07-01 00:00:00'
    ),
    (
        'f8d327b2-b0fc-551c-a985-22e3469b4315',
        'Brottning',
        'Brottning',
        'Kom och testa på brottning tillsammans med vinslövs brottningsklubb. Vi rekomenderar kläder du kan röra dig i',
        'Kom och testa på brottning tillsammans med vinslövs brottningsklubb. Vi rekomenderar kläder du kan röra dig i',
        40,
        '2026-07-28 11:00:00',
        '2026-07-28 11:45:00',
        NULL,
        'adf125a7-5bf4-5b81-9c9f-bedfce4c0a65',
        '2026-07-01 00:00:00'
    ),
    (
        'f9dde14c-4518-5ba5-9b6b-79f5b75d5799',
        'Brottning',
        'Brottning',
        'Kom och testa på brottning tillsammans med vinslövs brottningsklubb. Vi rekomenderar kläder du kan röra dig i',
        'Kom och testa på brottning tillsammans med vinslövs brottningsklubb. Vi rekomenderar kläder du kan röra dig i',
        40,
        '2026-07-28 14:00:00',
        '2026-07-28 14:45:00',
        NULL,
        'adf125a7-5bf4-5b81-9c9f-bedfce4c0a65',
        '2026-07-01 00:00:00'
    ),
    (
        '8e8ba3a7-bedb-5473-97ac-a8e34f6a3b2a',
        'Brottning',
        'Brottning',
        'Kom och testa på brottning tillsammans med vinslövs brottningsklubb. Vi rekomenderar kläder du kan röra dig i',
        'Kom och testa på brottning tillsammans med vinslövs brottningsklubb. Vi rekomenderar kläder du kan röra dig i',
        40,
        '2026-07-28 15:00:00',
        '2026-07-28 15:45:00',
        NULL,
        'adf125a7-5bf4-5b81-9c9f-bedfce4c0a65',
        NULL
    ),
    (
        'c3b747f0-650f-5322-a010-e7b4853d91a6',
        'Brottning',
        'Brottning',
        'Kom och testa på brottning tillsammans med vinslövs brottningsklubb. Vi rekomenderar kläder du kan röra dig i',
        'Kom och testa på brottning tillsammans med vinslövs brottningsklubb. Vi rekomenderar kläder du kan röra dig i',
        40,
        '2026-07-28 16:00:00',
        '2026-07-28 16:45:00',
        NULL,
        'adf125a7-5bf4-5b81-9c9f-bedfce4c0a65',
        '2026-07-01 00:00:00'
    ),
    (
        '2343ac25-6632-5756-9f35-54cb001e1ecf',
        'Lekaktiviteter',
        'Lekaktiviteter',
        'Hämta fotboll, rockring, hopprep, gagaboll boll m.m och spela med patrullkompisar eller nya vänner',
        'Hämta fotboll, rockring, hopprep, gagaboll boll m.m och spela med patrullkompisar eller nya vänner',
        NULL,
        '2026-07-28 09:00:00',
        '2026-07-28 17:00:00',
        NULL,
        'adf125a7-5bf4-5b81-9c9f-bedfce4c0a65',
        '2026-07-01 00:00:00'
    ),
    (
        '70b9d463-b701-51a2-8dfc-bc9cd4960320',
        'Bubbelballs',
        'Bubbelballs',
        'Studsa runt i stora uppblåsbara bollar!',
        'Jump around in big inflatable balls!',
        NULL,
        '2026-07-28 09:00:00',
        '2026-07-28 17:00:00',
        NULL,
        'adf125a7-5bf4-5b81-9c9f-bedfce4c0a65',
        '2026-07-01 00:00:00'
    ),
    (
        '380d1a87-c218-54de-9786-798274eb5886',
        'Kåsan',
        'Kåsan',
        '',
        '',
        NULL,
        '2026-07-28 09:00:00',
        '2026-07-28 17:00:00',
        NULL,
        '0f29d7b2-b1e9-5371-8dd6-8e967c002208',
        '2026-07-01 00:00:00'
    ),
    (
        'd62cbeb2-5c7b-5973-9d04-582e7c9ddfaa',
        'Känslokartan',
        'Känslokartan',
        '',
        '',
        NULL,
        '2026-07-28 09:00:00',
        '2026-07-28 17:00:00',
        NULL,
        '1a4f6eda-8d95-5fc9-8f3d-b663ecf6b4d3',
        NULL
    ),
    (
        'c03d4b03-d5bd-5390-bff7-67ee16b7504b',
        'Brädspel',
        'Brädspel',
        'Brädspel',
        'Boardgames',
        NULL,
        '2026-07-28 09:00:00',
        '2026-07-28 17:00:00',
        NULL,
        '1a4f6eda-8d95-5fc9-8f3d-b663ecf6b4d3',
        '2026-07-01 00:00:00'
    ),
    (
        'c647db8f-e85b-5c1d-baf6-1d32df54ca96',
        'Cybersäkerhet med Unga forskare',
        'Cybersäkerhet med Unga forskare',
        '',
        '',
        NULL,
        '2026-07-28 09:00:00',
        '2026-07-28 17:00:00',
        NULL,
        '1a4f6eda-8d95-5fc9-8f3d-b663ecf6b4d3',
        '2026-07-01 00:00:00'
    ),
    (
        'bfef2b35-d06e-5cf5-8e9e-bf1d12faa9bb',
        'Pyssla med BRIS',
        'Pyssla med BRIS',
        '',
        '',
        NULL,
        '2026-07-28 09:00:00',
        '2026-07-28 17:00:00',
        NULL,
        '814b68b7-cae2-52f0-8a6d-9d13797bdabf',
        '2026-07-01 00:00:00'
    ),
    (
        '7cd36315-ac11-5140-8246-001bbf59a88e',
        'Hantverksfokus: Paracord',
        'Hantverksfokus: Paracord',
        '',
        '',
        NULL,
        '2026-07-28 09:00:00',
        '2026-07-28 17:00:00',
        NULL,
        '814b68b7-cae2-52f0-8a6d-9d13797bdabf',
        '2026-07-01 00:00:00'
    ),
    (
        '7637587e-3fd0-56a5-a50f-3ac0dbe9782d',
        'Knoprep',
        'Knoprep',
        'Knoprep och instruktion finns för att lära sig en ny knop',
        'Learn a new knot, there is rope and intructions',
        NULL,
        '2026-07-28 09:00:00',
        '2026-07-28 17:00:00',
        NULL,
        '814b68b7-cae2-52f0-8a6d-9d13797bdabf',
        NULL
    ),
    (
        '909fa919-6960-51dd-89a8-40c634e2402d',
        'Tillsammans målning',
        'Tillsammans målning',
        'Hjälp till att skapa en målning tillsammans. Rita något på tavlan som betyder jamboree för dig.',
        'Help creating a picture together. Draw something that means jamboree to you.',
        NULL,
        '2026-07-28 09:00:00',
        '2026-07-28 17:00:00',
        NULL,
        '814b68b7-cae2-52f0-8a6d-9d13797bdabf',
        '2026-07-01 00:00:00'
    ),
    (
        '073013fb-eefa-5d10-8b29-9c9a2d5db212',
        'Live musik på hubben',
        'Live musik på hubben',
        '',
        '',
        NULL,
        '2026-07-28 10:00:00',
        '2026-07-28 11:30:00',
        NULL,
        '7357971d-510a-567f-bff7-c37329d01c7f',
        '2026-07-01 00:00:00'
    ),
    (
        '33bc3fdc-c019-5662-94cb-ba847f705003',
        'Live musik på hubben',
        'Live musik på hubben',
        '',
        '',
        NULL,
        '2026-07-28 15:00:00',
        '2026-07-28 16:30:00',
        NULL,
        '7357971d-510a-567f-bff7-c37329d01c7f',
        '2026-07-01 00:00:00'
    ),
    (
        '08227519-604d-5213-b662-d0c9078d6a13',
        'Bubbligt pyssel',
        'Bubbligt pyssel',
        'Pyssla egna såbubbel verktyg och testa att blåsa både stora och små bubblor',
        'Pyssla egna såbubbel verktyg och testa att blåsa både stora och små bubblor',
        NULL,
        '2026-07-28 10:00:00',
        '2026-07-28 11:30:00',
        NULL,
        '7357971d-510a-567f-bff7-c37329d01c7f',
        '2026-07-01 00:00:00'
    ),
    (
        'bc01d960-a456-526f-8a09-2bb217741930',
        'Bubbligt pyssel',
        'Bubbligt pyssel',
        'Pyssla egna såbubbel verktyg och testa blåsa både stora och små bubblor',
        'Pyssla egna såbubbel verktyg och testa blåsa både stora och små bubblor',
        NULL,
        '2026-07-28 15:00:00',
        '2026-07-28 16:30:00',
        NULL,
        '7357971d-510a-567f-bff7-c37329d01c7f',
        NULL
    ),
    (
        'e0dd114e-6e53-5a2e-b89a-9fc8501a83af',
        'Halmpool',
        'Halmpool',
        'Hoppa ner i halmen, kan du hitta nålen i halmstacken?',
        'Jump in the haystack. Can you find the needle in the hay?',
        NULL,
        '2026-07-28 09:00:00',
        '2026-07-28 17:00:00',
        NULL,
        'c5a754b1-5317-5ee3-a031-49caf710672e',
        '2026-07-01 00:00:00'
    ),
    (
        'a57d9076-80c7-57bf-9c21-7d47bf7b6990',
        'Slankaruseller',
        'Slankaruseller',
        'Åk på en karusell byggd av slanor.',
        'Ride a carousel made of wood.',
        NULL,
        '2026-07-28 09:00:00',
        '2026-07-28 17:00:00',
        NULL,
        'c5a754b1-5317-5ee3-a031-49caf710672e',
        '2026-07-01 00:00:00'
    ),
    (
        'c260a43e-e518-5808-9eea-6251e4dd2065',
        'Hand the Ball',
        'Hand the Ball',
        'Hand the Ball – låda med psykiska utmaningar. 
Hand the Ball ger barn och unga en trygg och meningsfull fritid – där rörelseglädje, gemenskap och självförtroende står i centrum. 
Det är ett lekfullt bollkoncept med enkla övningar och värderingsbaserade aktiviteter, utvecklat för att skapa trygga mötesplatser.',
        'Hand the Ball gives children and young people a safe and meaningful leisure experience, where the joy of movement, a sense of belonging, and self-confidence are at the heart of every activity. It is a playful ball-based concept featuring simple exercises and values-based activities, designed to create safe and welcoming environments in schools and after-school programs. It is a playful ball-based concept featuring simple exercises and values-based activities, designed to create safe and welcoming environments in schools and after-school programs.',
        NULL,
        '2026-07-28 11:00:00',
        '2026-07-28 12:00:00',
        NULL,
        'e09df35a-2d0f-58cb-93b7-81169fa42369',
        '2026-07-01 00:00:00'
    ),
    (
        'e0585eff-e1cd-5169-93ee-6b224f613663',
        'Knopmästerskap',
        'Knopmästerskap',
        '',
        '',
        NULL,
        '2026-07-28 10:00:00',
        '2026-07-28 11:00:00',
        NULL,
        'c6171639-edd4-5e3a-bf3f-2a1ddf1a5211',
        '2026-07-01 00:00:00'
    ),
    (
        '276b27f4-f554-5dcc-b9fa-d384dae614fe',
        'Knopmästerskap',
        'Knopmästerskap',
        '',
        '',
        NULL,
        '2026-07-28 15:00:00',
        '2026-07-28 16:00:00',
        NULL,
        'c6171639-edd4-5e3a-bf3f-2a1ddf1a5211',
        NULL
    ),
    (
        '90a098a3-be20-50a4-b5e7-5bfa026b5e77',
        'Mekanisk tjur',
        'Mechanical bull',
        'Testa hur länge du kan sitta på tjurens rygg! Kanske är det svårare än du tror?',
        'See how long you can stay on the bull’s back! It might be harder than you think?',
        NULL,
        '2026-07-28 09:00:00',
        '2026-07-28 17:00:00',
        NULL,
        '59e1df30-6abb-58a0-b951-0da741883428',
        '2026-07-01 00:00:00'
    ),
    (
        'b24d3224-214e-5f79-885b-9cf85acb4841',
        'Femkamp',
        'Pentathlon',
        'Utmana dig själv och varandra genom att försöka nå bästa möjliga resultat i Äventyrarhubbens femkamp! Kanske får du och dina vänner chans att skryta om ert rekord på hubbens anslagstavlor?',
        'Challenge yourself and each other by trying to achieve the best possible results in the pentathlon of Äventyrarhubben! Maybe you and your friends will get the chance to brag about your record on the hub’s bulletin boards?',
        NULL,
        '2026-07-28 09:00:00',
        '2026-07-28 17:00:00',
        NULL,
        '59e1df30-6abb-58a0-b951-0da741883428',
        '2026-07-01 00:00:00'
    ),
    (
        '32569674-216f-531f-b365-64759879094f',
        'Unga forskare',
        'Unga forskare',
        'Testa på spännande aktiviteter med Unga Forskare!',
        'Try out exciting activities with Young Scientists!',
        NULL,
        '2026-07-28 09:00:00',
        '2026-07-28 17:00:00',
        NULL,
        '752c0d21-3c68-50d2-bf8a-53ee8fa96895',
        '2026-07-01 00:00:00'
    ),
    (
        '53774fe1-7833-5af2-9252-6c605c05ed8e',
        'Trygghetsspelet med Treskablinoll',
        'Trygghetsspelet med Treskablinoll',
        '',
        '',
        NULL,
        '2026-07-28 10:00:00',
        '2026-07-28 10:45:00',
        NULL,
        '3ad84bf8-0a68-5c32-8895-8f9183480709',
        '2026-07-01 00:00:00'
    ),
    (
        'a90af9f6-1ed7-5ca0-b78f-7881802014e7',
        'Trygghetsspelet med Treskablinoll',
        'Trygghetsspelet med Treskablinoll',
        '',
        '',
        NULL,
        '2026-07-28 14:00:00',
        '2026-07-28 14:45:00',
        NULL,
        '3ad84bf8-0a68-5c32-8895-8f9183480709',
        NULL
    ),
    (
        '1138b934-57c6-5be0-8a3c-c81e7f830f5d',
        'Hand the Ball',
        'Hand the Ball',
        'Testa på roliga bollaktiviteter!',
        'Try out fun ball activities!',
        NULL,
        '2026-07-28 09:00:00',
        '2026-07-28 09:45:00',
        NULL,
        '410166cf-c3f9-547e-8d04-88011947a675',
        '2026-07-01 00:00:00'
    ),
    (
        '1248befb-2ca1-5015-af90-cf1fc04ee2b7',
        'Uppdrag Självkänsla',
        'Uppdrag Självkänsla',
        '',
        '',
        NULL,
        '2026-07-28 11:00:00',
        '2026-07-28 12:00:00',
        NULL,
        '410166cf-c3f9-547e-8d04-88011947a675',
        '2026-07-01 00:00:00'
    ),
    (
        '10cd9866-3857-57cf-8aca-07ca36dffa21',
        'Uppdrag Självkänsla',
        'Uppdrag Självkänsla',
        '',
        '',
        NULL,
        '2026-07-28 15:00:00',
        '2026-07-28 16:00:00',
        NULL,
        '410166cf-c3f9-547e-8d04-88011947a675',
        '2026-07-01 00:00:00'
    ),
    (
        '9d875675-f251-509e-92d5-4ccc462477a3',
        'Äventyrare berättar: Henrik Wahlström',
        'The adventurer shares: Henrik Wahlström',
        'Lyssna på när äventyraren Henrik Wahlström berättar om de inre äventyren med fokus på psykisk hälsa. Han kommer även berätta om uppochned-märket och om hur du kan ta det!',
        'Listen to the adventurer Henrik Wahlström talk about the inner adventure with a focus on mental health. He will also bring up the up side down patch and how to get it!',
        NULL,
        '2026-07-28 16:00:00',
        '2026-07-28 17:00:00',
        NULL,
        '410166cf-c3f9-547e-8d04-88011947a675',
        '2026-07-01 00:00:00'
    ),
    (
        '3b7a85a7-cf33-518a-8032-638a56a534db',
        'Disco',
        'Disco',
        'Kom och dansa med dina vänner på hubbens episka disco med både DJ och snack!',
        'Come and dance with your friends at the hub’s epic disco with both DJ and snacks!',
        NULL,
        '2026-07-29 19:00:00',
        '2026-07-29 21:00:00',
        NULL,
        '410166cf-c3f9-547e-8d04-88011947a675',
        NULL
    ),
    (
        'd35950e9-41a4-5468-ae1b-dafc93d3bf2f',
        'Återträff Explorer Belt',
        'Reunion Explorer Belt',
        'Återträff för alla som deltagit i Explorer Belt oavsett vilket år och vilken land du gick. Vi samlas alla och splittar sedan upp oss i mindre grupper.',
        'Reunion for all participants from Explorer Belt, regardless which year or country.',
        5000,
        '2026-07-29 19:30:00',
        '2026-07-29 21:30:00',
        NULL,
        '6a01d4f5-5989-530b-a37b-d53ae9440118',
        '2026-07-01 00:00:00'
    ),
    (
        '75ee78d9-01f9-5863-bae4-9be72bf86405',
        'Återträff för Världscenter (volontär & funktionär)',
        'Reunion World Scout or Guide Center (IST and staff)',
        'Återträff för alla som varit på Världsscoutcenter som volontär eller anställd funk. Oavsett vilken center. Vi samlas alla och splittar sedan upp oss i mindre grupper.',
        'Reunion for everybody that has been to any of the World Scout Centers (WOSM/WAGGS) as staff or volenteer at any point. We will gather all toghether and then split up in smaller groups.',
        1000,
        '2026-07-29 20:30:00',
        '2026-07-29 22:30:00',
        NULL,
        '6a01d4f5-5989-530b-a37b-d53ae9440118',
        '2026-07-01 00:00:00'
    ),
    (
        '6b81f3fa-9d1a-50a4-9e81-1f38f2de5c89',
        'Återträff Världskonferenser',
        'Reunion World Scout and Guide Conferenses (WOSM & WAGGS)',
        'Återträff för alla som deltagit på Världskonferenser, oavsett WAGGS eller WOSM.',
        'Reunion for everybody that has participated in any of the World Conferences, either WAGGS or WOSM.',
        2000,
        '2026-07-29 20:30:00',
        '2026-07-29 22:30:00',
        NULL,
        '6a01d4f5-5989-530b-a37b-d53ae9440118',
        '2026-07-01 00:00:00'
    ),
    (
        '68194d4b-0e01-5e3f-93be-ae88cb1935a2',
        'Återträff Europakonferenser',
        'Reunion European Scout and Guide Conferenses (WOSM & WAGGS)',
        'Återträff för alla som deltagit på Europakonferenser, oavsett WAGGS eller WOSM.',
        'Reunion for everybody that has participated in any of the European Conferences, either WAGGS or WOSM.',
        1000,
        '2026-07-29 20:30:00',
        '2026-07-29 22:30:00',
        NULL,
        '6a01d4f5-5989-530b-a37b-d53ae9440118',
        '2026-07-01 00:00:00'
    ),
    (
        'a328db88-45f5-5d3d-ad31-da470eacac3c',
        'Äventyrararsamtal',
        'Adventurer scout leader gathering',
        'Slå dig ner vid lägerelden och möt Äventyrarledare från hela landet, dela erfarenheter, hämta inspiration och skapa nya kontakter.',
        'Gather around the campfire and meet Adventurer Scout leaders from across the country, share experiences, find inspiration, and make new connections.',
        NULL,
        '2026-07-29 19:00:00',
        '2026-07-29 20:00:00',
        NULL,
        '6b32fa25-8341-537f-b8d7-ca4ad5a843a6',
        NULL
    ),
    (
        'fb72df50-3d9e-54d6-b0ff-40a16c6c4816',
        'Utmanarsamtal',
        'Challenger scout leader gathering',
        'Slå dig ner vid lägerelden och möt utmanareledare från hela landet, dela erfarenheter, hämta inspiration och skapa nya kontakter.',
        'Gather around the campfire and meet Challenger Scout leaders from across the country, share experiences, find inspiration, and make new connections.',
        NULL,
        '2026-07-29 10:00:00',
        '2026-07-29 11:00:00',
        NULL,
        '6b32fa25-8341-537f-b8d7-ca4ad5a843a6',
        '2026-07-01 00:00:00'
    ),
    (
        '2db5db3b-b409-5d32-bc8d-1f83bb0e32a4',
        'Ledarsamtal',
        'Scout leader gathering',
        'Slå dig ner vid lägerelden och möt Scoutledare från hela landet, dela erfarenheter, hämta inspiration och skapa nya kontakter.',
        'Gather around the campfire and meet Scout leaders from across the country, share experiences, find inspiration, and make new connections.',
        NULL,
        '2026-07-29 14:00:00',
        '2026-07-29 15:00:00',
        NULL,
        '6b32fa25-8341-537f-b8d7-ca4ad5a843a6',
        '2026-07-01 00:00:00'
    ),
    (
        '94eb5680-d26f-5005-8b5f-abd600188086',
        'Utbildarträff',
        'Utbildarträff',
        'Välkommen till utbildarträff/mingel. Här får du både nyaste nytt från folkhögskolan, info om nya handledningen för Leda scouting, möjlighet att mingla och utbyta erfarenheter med andra utbildare samt även bubblig dryck med tilltugg .
 Varmt välkommen!  Glöm inte kåsa.  Ingen föranmälan behövs.',
        '-',
        NULL,
        '2026-07-29 19:00:00',
        '2026-07-29 20:30:00',
        NULL,
        NULL,
        '2026-07-01 00:00:00'
    ),
    (
        '8531aec5-e2af-570f-9862-f47ff334b16a',
        'Nyfiken på Treklöver Gilwell',
        'Nyfiken på Treklöver Gilwell',
        'Välkommen på en workshop om Scouternas folkhögskolas fördjupande ledarskapsutbildning Treklöver Gilwell. Du får testa ett kort kurspass och vi går också igenom vad det utvecklingsarbete som ingår i utbildningen innebär i praktiken.',
        '-',
        NULL,
        '2026-07-29 15:00:00',
        '2026-07-29 16:00:00',
        NULL,
        '8a6e9259-c0ec-55e9-9876-b1d4074e942e',
        '2026-07-01 00:00:00'
    ),
    (
        'b2fabd42-6e29-501e-9eed-8466de08d564',
        'Treklöver Gilwell Reunion',
        'Reunion Woodbadger',
        'Återträff för alla som gått Treklöver Gillwell. Meddela att du kommer på listan i Scouternas Folkhögskolas tält.',
        'Reunion for all Woodbadgers. Sign up at the Scouternas Folkhögskola tent',
        NULL,
        '2026-07-29 20:30:00',
        '2026-07-29 22:00:00',
        NULL,
        '8a6e9259-c0ec-55e9-9876-b1d4074e942e',
        NULL
    ),
    (
        '50d8a427-22aa-5b2e-ab5a-75dec3f92898',
        'Mingelträff för avdelningsledare till WSJ',
        'Networking for Swedish WSJ unit leaders',
        'Träffa andra avdelningsledare som också ska till WSJ i Polen. Delar av CMT kommer finnas på plats för att svara på frågor.',
        'Networking event for the Swedish unit leaders going to WSJ in Poland.',
        NULL,
        '2026-07-29 20:00:00',
        '2026-07-29 21:00:00',
        NULL,
        '6b32fa25-8341-537f-b8d7-ca4ad5a843a6',
        '2026-07-01 00:00:00'
    ),
    (
        '9f92c566-bb26-583a-a238-7664cbdb0be5',
        'Upptäck dina värderingar: Testa på Värdebaserat ledarskap',
        'Try out Value-based Leadership',
        'Ett reflekterande och interaktivt pass där du får utforska vad värderingar är, hur de formas och hur de påverkar våra val, relationer och beslut. Genom ett praktiskt verktyg och gemensamma övningar får du syn på dina egna värderingar och nya perspektiv på hur vi möter och samarbetar med andra.',
        'Ett reflekterande och interaktivt pass där du får utforska vad värderingar är, hur de formas och hur de påverkar våra val, relationer och beslut. Genom ett praktiskt verktyg och gemensamma övningar får du syn på dina egna värderingar och nya perspektiv på hur vi möter och samarbetar med andra.',
        NULL,
        '2026-07-29 13:15:00',
        '2026-07-29 14:00:00',
        NULL,
        'eadcb315-41e0-546c-b3a5-6b28bfb6c18c',
        '2026-07-01 00:00:00'
    ),
    (
        'f0483b2a-3524-595e-9786-03b393d3ed2e',
        'Frisk och fri',
        'Healthy and free',
        'Fråga Psykisk hälsa?',
        'Fråga Psykisk hälsa?',
        NULL,
        '2026-07-29 16:00:00',
        '2026-07-29 17:00:00',
        NULL,
        'eadcb315-41e0-546c-b3a5-6b28bfb6c18c',
        '2026-07-01 00:00:00'
    ),
    (
        'ee4826a1-73cd-5516-a7a3-4f92df69f119',
        'Upp-och-ner med Henrik Wahlström',
        'The Ups-and-Downs with Henrik Wahlström',
        'Fråga Psykisk hälsa?',
        'Fråga Psykisk hälsa?',
        NULL,
        '2026-07-29 17:00:00',
        '2026-07-29 18:00:00',
        NULL,
        'eadcb315-41e0-546c-b3a5-6b28bfb6c18c',
        '2026-07-01 00:00:00'
    ),
    (
        '64e66343-8863-595d-940e-382b0d6d67c0',
        'Karaoke',
        'Karaoke night',
        '',
        '',
        NULL,
        '2026-07-29 19:00:00',
        '2026-07-29 21:00:00',
        NULL,
        'eadcb315-41e0-546c-b3a5-6b28bfb6c18c',
        NULL
    ),
    (
        'ac7bdad8-2c9a-5cd4-894b-1ac3b0f23ae1',
        'Volleybollturnering',
        'Volleyball tournament',
        '',
        '',
        NULL,
        '2026-07-29 19:00:00',
        '2026-07-29 21:00:00',
        NULL,
        'e10efb9b-f353-54dd-811c-e3b516ce79e8',
        '2026-07-01 00:00:00'
    ),
    (
        'b3a5cfde-4ef9-5798-a797-7d4da88bfc60',
        'The HERDS',
        'The HERDS',
        'THE HERDS är ett banbrytande offentligt konstprojekt som låter djurnaturtrogna dockor i naturlig storlek ge sig ut på en episk resa från Kongobäckenet till Norra polcirkeln och låter publiken komma nära klimatkrisens verklighet. Projektet har skapats av The Walk Productions, teamet bakom Little Amal. THE HERDS har rest genom städer och landskap världen över och samlat konstnärer, unga människor och lokalsamhällen för att tillsammans föreställa sig en bättre framtid för vår planet. På Jamboree26 bjuds du in att bli en del av berättelsen. Tillsammans med THE HERDS-teamet får du skapa din egen flyttfågeldocka och upptäcka de fantastiska resor som fåglar gör genom länder, klimat och livsmiljöer. Genom dockteater, rörelse och berättande får du lära dig hur fåglar varje år färdas tusentals kilometer och vilka utmaningar de möter längs vägen. Tillsammans kommer deltagarna att skapa flockar av fåglar som växer under veckan och som så småningom kommer att vandra genom jamboreeområdet för att möta THE HERDS gorilla, som har rest hela vägen från Kinshasa i Kongobäckenet. Denna roliga och praktiska workshop kombinerar kreativitet, klimatmedvetenhet och gemensamt engagemang. Den ger unga människor möjlighet att bli en del av ett storskaligt konstnärligt projekt och bidra till en minnesvärd avslutande samling på Jamboree26. Inga förkunskaper behövs – bara fantasi, nyfikenhet och en vilja att följa med på flytten. OBS! Workshopen är på engelska.',
        'THE HERDS is a groundbreaking public art project bringing life-sized animal puppets on an epic journey from the Congo Basin to the Arctic Circle, bringing audiences face to face with the climate crisis. Created by The Walk Productions, the team behind Little Amal, THE HERDS has travelled through cities and landscapes around the world, bringing together artists, young people and communities to imagine a better future for our planet. At Jamboree26, you are invited to become part of the story. Join THE HERDS team to create your own migratory bird puppet and discover the incredible journeys birds make across countries, climates and habitats. Through puppetry, movement and storytelling, you’ll learn how birds travel thousands of miles each year and the challenges they face along the way. Together, participants will create flocks of birds that will grow throughout the week, eventually journeying across the Jamboree site to meet THE HERDS Gorilla, who has travelled all the way from Kinshasa in the Congo Basin. This fun, hands-on workshop combines creativity, climate awareness and collective action, giving young people the chance to become part of a large-scale artistic event and help create a memorable final gathering at Jamboree26. No previous experience is needed - just imagination, curiosity and a willingness to join the migration.',
        45,
        '2026-07-29 09:00:00',
        '2026-07-29 10:00:00',
        NULL,
        '61dd8139-dc09-560d-95c3-68848553690c',
        '2026-07-01 00:00:00'
    ),
    (
        '81a0dbf5-a073-5253-9e66-6c6b2290e57d',
        'The HERDS',
        'The HERDS',
        'THE HERDS är ett banbrytande offentligt konstprojekt som låter djurnaturtrogna dockor i naturlig storlek ge sig ut på en episk resa från Kongobäckenet till Norra polcirkeln och låter publiken komma nära klimatkrisens verklighet. Projektet har skapats av The Walk Productions, teamet bakom Little Amal. THE HERDS har rest genom städer och landskap världen över och samlat konstnärer, unga människor och lokalsamhällen för att tillsammans föreställa sig en bättre framtid för vår planet. På Jamboree26 bjuds du in att bli en del av berättelsen. Tillsammans med THE HERDS-teamet får du skapa din egen flyttfågeldocka och upptäcka de fantastiska resor som fåglar gör genom länder, klimat och livsmiljöer. Genom dockteater, rörelse och berättande får du lära dig hur fåglar varje år färdas tusentals kilometer och vilka utmaningar de möter längs vägen. Tillsammans kommer deltagarna att skapa flockar av fåglar som växer under veckan och som så småningom kommer att vandra genom jamboreeområdet för att möta THE HERDS gorilla, som har rest hela vägen från Kinshasa i Kongobäckenet. Denna roliga och praktiska workshop kombinerar kreativitet, klimatmedvetenhet och gemensamt engagemang. Den ger unga människor möjlighet att bli en del av ett storskaligt konstnärligt projekt och bidra till en minnesvärd avslutande samling på Jamboree26. Inga förkunskaper behövs – bara fantasi, nyfikenhet och en vilja att följa med på flytten. OBS! Workshopen är på engelska.',
        'THE HERDS is a groundbreaking public art project bringing life-sized animal puppets on an epic journey from the Congo Basin to the Arctic Circle, bringing audiences face to face with the climate crisis. Created by The Walk Productions, the team behind Little Amal, THE HERDS has travelled through cities and landscapes around the world, bringing together artists, young people and communities to imagine a better future for our planet. At Jamboree26, you are invited to become part of the story. Join THE HERDS team to create your own migratory bird puppet and discover the incredible journeys birds make across countries, climates and habitats. Through puppetry, movement and storytelling, you’ll learn how birds travel thousands of miles each year and the challenges they face along the way. Together, participants will create flocks of birds that will grow throughout the week, eventually journeying across the Jamboree site to meet THE HERDS Gorilla, who has travelled all the way from Kinshasa in the Congo Basin. This fun, hands-on workshop combines creativity, climate awareness and collective action, giving young people the chance to become part of a large-scale artistic event and help create a memorable final gathering at Jamboree26. No previous experience is needed - just imagination, curiosity and a willingness to join the migration.',
        45,
        '2026-07-29 11:00:00',
        '2026-07-29 12:00:00',
        NULL,
        'c6171639-edd4-5e3a-bf3f-2a1ddf1a5211',
        '2026-07-01 00:00:00'
    ),
    (
        'e08132d4-7c5c-55de-8cba-9950dbc24b6f',
        'The HERDS',
        'The HERDS',
        'THE HERDS är ett banbrytande offentligt konstprojekt som låter djurnaturtrogna dockor i naturlig storlek ge sig ut på en episk resa från Kongobäckenet till Norra polcirkeln och låter publiken komma nära klimatkrisens verklighet. Projektet har skapats av The Walk Productions, teamet bakom Little Amal. THE HERDS har rest genom städer och landskap världen över och samlat konstnärer, unga människor och lokalsamhällen för att tillsammans föreställa sig en bättre framtid för vår planet. På Jamboree26 bjuds du in att bli en del av berättelsen. Tillsammans med THE HERDS-teamet får du skapa din egen flyttfågeldocka och upptäcka de fantastiska resor som fåglar gör genom länder, klimat och livsmiljöer. Genom dockteater, rörelse och berättande får du lära dig hur fåglar varje år färdas tusentals kilometer och vilka utmaningar de möter längs vägen. Tillsammans kommer deltagarna att skapa flockar av fåglar som växer under veckan och som så småningom kommer att vandra genom jamboreeområdet för att möta THE HERDS gorilla, som har rest hela vägen från Kinshasa i Kongobäckenet. Denna roliga och praktiska workshop kombinerar kreativitet, klimatmedvetenhet och gemensamt engagemang. Den ger unga människor möjlighet att bli en del av ett storskaligt konstnärligt projekt och bidra till en minnesvärd avslutande samling på Jamboree26. Inga förkunskaper behövs – bara fantasi, nyfikenhet och en vilja att följa med på flytten. OBS! Workshopen är på engelska.',
        'THE HERDS is a groundbreaking public art project bringing life-sized animal puppets on an epic journey from the Congo Basin to the Arctic Circle, bringing audiences face to face with the climate crisis. Created by The Walk Productions, the team behind Little Amal, THE HERDS has travelled through cities and landscapes around the world, bringing together artists, young people and communities to imagine a better future for our planet. At Jamboree26, you are invited to become part of the story. Join THE HERDS team to create your own migratory bird puppet and discover the incredible journeys birds make across countries, climates and habitats. Through puppetry, movement and storytelling, you’ll learn how birds travel thousands of miles each year and the challenges they face along the way. Together, participants will create flocks of birds that will grow throughout the week, eventually journeying across the Jamboree site to meet THE HERDS Gorilla, who has travelled all the way from Kinshasa in the Congo Basin. This fun, hands-on workshop combines creativity, climate awareness and collective action, giving young people the chance to become part of a large-scale artistic event and help create a memorable final gathering at Jamboree26. No previous experience is needed - just imagination, curiosity and a willingness to join the migration.',
        45,
        '2026-07-29 14:00:00',
        '2026-07-29 15:00:00',
        NULL,
        '61dd8139-dc09-560d-95c3-68848553690c',
        '2026-07-01 00:00:00'
    ),
    (
        'fa638d98-af78-5ba2-ab0d-93a97de9cd24',
        'The HERDS',
        'The HERDS',
        'THE HERDS är ett banbrytande offentligt konstprojekt som låter djurnaturtrogna dockor i naturlig storlek ge sig ut på en episk resa från Kongobäckenet till Norra polcirkeln och låter publiken komma nära klimatkrisens verklighet. Projektet har skapats av The Walk Productions, teamet bakom Little Amal. THE HERDS har rest genom städer och landskap världen över och samlat konstnärer, unga människor och lokalsamhällen för att tillsammans föreställa sig en bättre framtid för vår planet. På Jamboree26 bjuds du in att bli en del av berättelsen. Tillsammans med THE HERDS-teamet får du skapa din egen flyttfågeldocka och upptäcka de fantastiska resor som fåglar gör genom länder, klimat och livsmiljöer. Genom dockteater, rörelse och berättande får du lära dig hur fåglar varje år färdas tusentals kilometer och vilka utmaningar de möter längs vägen. Tillsammans kommer deltagarna att skapa flockar av fåglar som växer under veckan och som så småningom kommer att vandra genom jamboreeområdet för att möta THE HERDS gorilla, som har rest hela vägen från Kinshasa i Kongobäckenet. Denna roliga och praktiska workshop kombinerar kreativitet, klimatmedvetenhet och gemensamt engagemang. Den ger unga människor möjlighet att bli en del av ett storskaligt konstnärligt projekt och bidra till en minnesvärd avslutande samling på Jamboree26. Inga förkunskaper behövs – bara fantasi, nyfikenhet och en vilja att följa med på flytten. OBS! Workshopen är på engelska.',
        'THE HERDS is a groundbreaking public art project bringing life-sized animal puppets on an epic journey from the Congo Basin to the Arctic Circle, bringing audiences face to face with the climate crisis. Created by The Walk Productions, the team behind Little Amal, THE HERDS has travelled through cities and landscapes around the world, bringing together artists, young people and communities to imagine a better future for our planet. At Jamboree26, you are invited to become part of the story. Join THE HERDS team to create your own migratory bird puppet and discover the incredible journeys birds make across countries, climates and habitats. Through puppetry, movement and storytelling, you’ll learn how birds travel thousands of miles each year and the challenges they face along the way. Together, participants will create flocks of birds that will grow throughout the week, eventually journeying across the Jamboree site to meet THE HERDS Gorilla, who has travelled all the way from Kinshasa in the Congo Basin. This fun, hands-on workshop combines creativity, climate awareness and collective action, giving young people the chance to become part of a large-scale artistic event and help create a memorable final gathering at Jamboree26. No previous experience is needed - just imagination, curiosity and a willingness to join the migration.',
        45,
        '2026-07-29 16:00:00',
        '2026-07-29 17:00:00',
        NULL,
        'c6171639-edd4-5e3a-bf3f-2a1ddf1a5211',
        NULL
    ),
    (
        '5f3cc3b0-092f-5ef5-b8e8-2ed141bbd017',
        'Slappna av som Linné',
        'A relaxing walk in Linneaus Fotsteps',
        'Ta bussen in till Kristianstad och gå en avslappnande runda i Linnés fotspår! Som patrull tillsammans eller en och en får ni reflektera över livsfrågor, men också slappna av, vara i naturen, bada och kanske käka glass, vem vet? OBS! Glöm ej hämta buss biljett i roverhubben från 8:30, om du inte har en! Första bussen ni kan ta går från wendesgymnasiet 08:47. Förväntad tid för att genomföra programmet, inklusive buss är ca 3 timmar.',
        'Take the bus into Kristianstad and take a relaxing walk in Linnaeus'' footsteps! As a patrol together or one by one, you can reflect on life''s questions, but also relax, be in nature, swim and maybe eat ice cream, who knows? NOTE! Don''t forget to pick up your bus ticket in the Rover Hub from 8:30, if you don''t have one! The first bus you can take leaves from Wendesgymnasiet at 08:47. The expected time to do the program, including the bus ride is 3 hours.',
        NULL,
        '2026-07-29 08:47:00',
        '2026-07-29 20:13:00',
        NULL,
        '6d1cc310-cb09-56aa-9ccd-05b9dfbf3325',
        '2026-07-01 00:00:00'
    ),
    (
        '99d7c656-ce54-53b4-bb3f-d182f80be36d',
        'Lägerbålspepp',
        'Lägerbålspepp',
        'Hela dagen har finns möjlighet att pyssla instrument, banderoller, flaggor och annat kul inför kvällens lägerbål. Ta med ansiktsfärg om ni har så firar vi hela dagen!!',
        'Hela dagen har finns möjlighet att pyssla instrument, banderoller, flaggor och annat kul inför kvällens lägerbål. Ta med ansiktsfärg om ni har så firar vi hela dagen!!',
        NULL,
        '2026-07-29 09:00:00',
        '2026-07-29 18:30:00',
        NULL,
        'adf125a7-5bf4-5b81-9c9f-bedfce4c0a65',
        '2026-07-01 00:00:00'
    ),
    (
        '87f009ea-2475-5721-a86e-6c4558b5af89',
        'Pyssla med BRIS',
        'Pyssla med BRIS',
        '',
        '',
        NULL,
        '2026-07-29 09:00:00',
        '2026-07-29 17:00:00',
        NULL,
        '814b68b7-cae2-52f0-8a6d-9d13797bdabf',
        '2026-07-01 00:00:00'
    ),
    (
        '79e1275a-b7f3-5681-91b4-76568de7d94b',
        'Hantverksfokus: Banderoller/vimplar',
        'Hantverksfokus: Banderoller/vimplar',
        '',
        '',
        NULL,
        '2026-07-29 09:00:00',
        '2026-07-29 18:30:00',
        NULL,
        '814b68b7-cae2-52f0-8a6d-9d13797bdabf',
        '2026-07-01 00:00:00'
    ),
    (
        'dd628ebd-59b3-5ef9-89a4-9d33b9196bb8',
        'Lägerbålsparad',
        'Lägerbålsparad',
        'Alla som vill är välkomna att tillsamans gå i parad från Upptäckarhubben till Upptäckarnas lägerbål',
        'Alla som vill är välkomna att tillsamans gå i parad från Upptäckarhubben till Upptäckarnas lägerbål',
        NULL,
        '2026-07-29 18:30:00',
        '2026-07-29 19:00:00',
        NULL,
        'adf125a7-5bf4-5b81-9c9f-bedfce4c0a65',
        NULL
    ),
    (
        '41e6f075-60f6-5052-9207-113fab7b7fb2',
        'Dagens lek: Kom alla djur',
        'Dagens lek: Kom alla djur',
        'Starttider för lekarna kommer finnas på anslagstavlan i hubben',
        'Starttider för lekarna kommer finnas på anslagstavlan i hubben',
        NULL,
        '2026-07-29 09:00:00',
        '2026-07-29 17:00:00',
        NULL,
        'adf125a7-5bf4-5b81-9c9f-bedfce4c0a65',
        '2026-07-01 00:00:00'
    ),
    (
        '3e76f15b-bcf7-5323-a2c4-754d743d0dc4',
        'Mekanisk tjur',
        'Mechanical bull',
        'Testa hur länge du kan sitta på tjurens rygg! Kanske är det svårare än du tror?',
        'See how long you can stay on the bull’s back! It might be harder than you think?',
        NULL,
        '2026-07-29 09:00:00',
        '2026-07-29 21:00:00',
        NULL,
        '59e1df30-6abb-58a0-b951-0da741883428',
        '2026-07-01 00:00:00'
    ),
    (
        '8614f89b-7841-57b4-b93c-b200a05cf8ec',
        'Brottning',
        'Brottning',
        'Kom och testa på brottning tillsammans med vinslövs brottningsklubb. Vi rekomenderar kläder du kan röra dig i',
        'Kom och testa på brottning tillsammans med vinslövs brottningsklubb. Vi rekomenderar kläder du kan röra dig i',
        40,
        '2026-07-29 09:00:00',
        '2026-07-29 09:45:00',
        NULL,
        'adf125a7-5bf4-5b81-9c9f-bedfce4c0a65',
        '2026-07-01 00:00:00'
    ),
    (
        '81118bd1-7e58-5f07-8c45-6aa9d688b8de',
        'Brottning',
        'Brottning',
        'Kom och testa på brottning tillsammans med vinslövs brottningsklubb. Vi rekomenderar kläder du kan röra dig i',
        'Kom och testa på brottning tillsammans med vinslövs brottningsklubb. Vi rekomenderar kläder du kan röra dig i',
        40,
        '2026-07-29 10:00:00',
        '2026-07-29 10:45:00',
        NULL,
        'adf125a7-5bf4-5b81-9c9f-bedfce4c0a65',
        '2026-07-01 00:00:00'
    ),
    (
        '6abcca52-a574-56cd-9608-0d415bd1de32',
        'Brottning',
        'Brottning',
        'Kom och testa på brottning tillsammans med vinslövs brottningsklubb. Vi rekomenderar kläder du kan röra dig i',
        'Kom och testa på brottning tillsammans med vinslövs brottningsklubb. Vi rekomenderar kläder du kan röra dig i',
        40,
        '2026-07-29 11:00:00',
        '2026-07-29 11:45:00',
        NULL,
        'adf125a7-5bf4-5b81-9c9f-bedfce4c0a65',
        NULL
    ),
    (
        '674e1c40-cfc0-5caa-962d-9036998468cf',
        'Brottning',
        'Brottning',
        'Kom och testa på brottning tillsammans med vinslövs brottningsklubb. Vi rekomenderar kläder du kan röra dig i',
        'Kom och testa på brottning tillsammans med vinslövs brottningsklubb. Vi rekomenderar kläder du kan röra dig i',
        40,
        '2026-07-29 14:00:00',
        '2026-07-29 14:45:00',
        NULL,
        'adf125a7-5bf4-5b81-9c9f-bedfce4c0a65',
        '2026-07-01 00:00:00'
    ),
    (
        'fbc1df7c-38e8-598c-a997-1d65a8e7c8da',
        'Brottning',
        'Brottning',
        'Kom och testa på brottning tillsammans med vinslövs brottningsklubb. Vi rekomenderar kläder du kan röra dig i',
        'Kom och testa på brottning tillsammans med vinslövs brottningsklubb. Vi rekomenderar kläder du kan röra dig i',
        40,
        '2026-07-29 15:00:00',
        '2026-07-29 15:45:00',
        NULL,
        'adf125a7-5bf4-5b81-9c9f-bedfce4c0a65',
        '2026-07-01 00:00:00'
    ),
    (
        '09a0eaa2-2077-5847-b154-01bb25840b93',
        'Brottning',
        'Brottning',
        'Kom och testa på brottning tillsammans med vinslövs brottningsklubb. Vi rekomenderar kläder du kan röra dig i',
        'Kom och testa på brottning tillsammans med vinslövs brottningsklubb. Vi rekomenderar kläder du kan röra dig i',
        40,
        '2026-07-29 16:00:00',
        '2026-07-29 16:45:00',
        NULL,
        'adf125a7-5bf4-5b81-9c9f-bedfce4c0a65',
        '2026-07-01 00:00:00'
    ),
    (
        '565af28c-9f99-54db-a882-011358f07ef6',
        'Brottning',
        'Brottning',
        'Kom och testa på brottning tillsammans med vinslövs brottningsklubb. Vi rekomenderar kläder du kan röra dig i',
        'Kom och testa på brottning tillsammans med vinslövs brottningsklubb. Vi rekomenderar kläder du kan röra dig i',
        40,
        '2026-07-29 17:00:00',
        '2026-07-29 17:45:00',
        NULL,
        'adf125a7-5bf4-5b81-9c9f-bedfce4c0a65',
        '2026-07-01 00:00:00'
    ),
    (
        'd0b88c03-dc38-5da4-b2cf-a2512546d498',
        'Brottning',
        'Brottning',
        'Kom och testa på brottning tillsammans med vinslövs brottningsklubb. Vi rekomenderar kläder du kan röra dig i',
        'Kom och testa på brottning tillsammans med vinslövs brottningsklubb. Vi rekomenderar kläder du kan röra dig i',
        40,
        '2026-07-29 18:00:00',
        '2026-07-29 18:45:00',
        NULL,
        'adf125a7-5bf4-5b81-9c9f-bedfce4c0a65',
        NULL
    ),
    (
        '06e7491d-377b-5a3b-bfca-20755677c656',
        'Godnattsaga',
        'Godnattsaga',
        'Avsluta dagen med en mysig godnattsaga i upptäckarhubben',
        'Avsluta dagen med en mysig godnattsaga i upptäckarhubben',
        NULL,
        '2026-07-29 20:30:00',
        '2026-07-29 21:30:00',
        NULL,
        'b70eb2f8-96dc-5ecb-b551-c28f1fb1ffb0',
        '2026-07-01 00:00:00'
    ),
    (
        '23bb111a-592f-59cb-85a9-6fdf62534a63',
        'Sagostund',
        'Storytime',
        'Inspirerande sagostund öppet för alla',
        'Inspiring story time open to everyone',
        NULL,
        '2026-07-29 08:00:00',
        '2026-07-29 09:00:00',
        NULL,
        'db93cd52-18a4-58c9-ac68-d7c32fe390aa',
        '2026-07-01 00:00:00'
    ),
    (
        '0b90f227-37ab-5e86-94da-e2863a470917',
        'Kvällsbön',
        'Evening prayer',
        '',
        '',
        NULL,
        '2026-07-29 21:30:00',
        '2026-07-29 22:00:00',
        NULL,
        'db93cd52-18a4-58c9-ac68-d7c32fe390aa',
        '2026-07-01 00:00:00'
    ),
    (
        'af6d8ec5-8916-5714-aa67-0fa9b9925312',
        'Existens - Maria Hammar',
        'Existence - Maria Hammar',
        '',
        '',
        40,
        '2026-07-29 10:00:00',
        '2026-07-29 11:00:00',
        NULL,
        'db93cd52-18a4-58c9-ac68-d7c32fe390aa',
        '2026-07-01 00:00:00'
    ),
    (
        '5cb3bcd2-f8c2-51d2-9261-f7ad3c0000c2',
        'Bröllop - Vigsel',
        'Wedding - Ceremony',
        '',
        '',
        40,
        '2026-07-29 16:00:00',
        '2026-07-29 18:00:00',
        NULL,
        'db93cd52-18a4-58c9-ac68-d7c32fe390aa',
        NULL
    ),
    (
        'e5fb15f7-1844-513d-943f-2450746da7f9',
        'Poetry Slam',
        'Poetry Slam',
        'Öppen scen för alla poeter. Delta med ditt egna material eller högläs dina personliga favoriter. Vi välkomnar allt från modernt material som belyser viktiga samhällsaspekter till simpel själavårdande vacker poesi. För scentid anmäler du dig senast 1 h innan. Först till kvarn!',
        'Open stage for all poets. Participate with your own material or read aloud your personal favorites. We welcome everything from modern material that highlights important social aspects to simple, soul-stirring beautiful poetry. For stage time, please register at least 1 hour in advance. First come, first served!',
        NULL,
        '2026-07-29 19:00:00',
        '2026-07-29 20:00:00',
        NULL,
        'db93cd52-18a4-58c9-ac68-d7c32fe390aa',
        '2026-07-01 00:00:00'
    ),
    (
        '149851bf-369e-525c-8824-7597c22174f0',
        'RUNCLUB',
        'RUNCLUB',
        'Välkommen att springa eller jogga med vår sponsor! Vi bjbuder på goodiebags till dom 20 första som ansluter! Vi springer i två olika takter och med musik runt lägerområdet för alla som vill kickstarta dagen.',
        'Welcome to run or jog with our sponsor! We are offering goodie bags to the first 20 people who join! We run at two different paces and with music around the camp area for anyone who wants to kickstart the day.',
        NULL,
        '2026-07-29 06:00:00',
        '2026-07-29 07:00:00',
        NULL,
        '8bf3aefe-86d0-5828-b722-f1eec53fbb27',
        '2026-07-01 00:00:00'
    ),
    (
        'cc04bc2c-ab64-5c1d-bb44-b975e0505e22',
        'Frisk och Fri – Riksföreningen mot ätstörningar',
        'Frisk och Fri – Riksföreningen mot ätstörningar',
        'Känner du dig osäker på hur du ska bemöta en person du misstänker har en ätstörning eller känner du att du inte har tillräckligt med kunskap vad det faktiskt innebär att vara drabbad? Då är föreläsningen Uppdrag: Frisk något för dig! Utöver kunskap om varningssignaler och bemötande får du råd om hur du kan skapa förutsättningar för att färre ska drabbas. Föreläsningen hålls av Olle Forsén, Frisk och Fri - riksföreningen mot ätstörningar.',
        'Känner du dig osäker på hur du ska bemöta en person du misstänker har en ätstörning eller känner du att du inte har tillräckligt med kunskap vad det faktiskt innebär att vara drabbad? Då är föreläsningen Uppdrag: Frisk något för dig! Utöver kunskap om varningssignaler och bemötande får du råd om hur du kan skapa förutsättningar för att färre ska drabbas. Föreläsningen hålls av Olle Forsén, Frisk och Fri - riksföreningen mot ätstörningar.',
        NULL,
        '2026-07-29 09:00:00',
        '2026-07-29 10:00:00',
        NULL,
        '8bf3aefe-86d0-5828-b722-f1eec53fbb27',
        '2026-07-01 00:00:00'
    ),
    (
        '948a4833-877a-5b55-bfa5-45726bddd1a4',
        'Välkomna internationella scoutgäster!',
        'Welcome international scout guests!',
        '',
        '',
        NULL,
        '2026-07-29 10:00:00',
        '2026-07-29 11:00:00',
        NULL,
        '8bf3aefe-86d0-5828-b722-f1eec53fbb27',
        '2026-07-01 00:00:00'
    ),
    (
        'e6895bcd-a245-5aa8-a3ca-218c70574d59',
        'Lasse Berg',
        'Lasse Berg',
        '',
        '',
        NULL,
        '2026-07-29 11:00:00',
        '2026-07-29 12:00:00',
        NULL,
        '8bf3aefe-86d0-5828-b722-f1eec53fbb27',
        NULL
    ),
    (
        '48fa8c42-11fb-5cf3-b2b9-2d02fe281ec7',
        'Bildstödspinne - anpassat ledarskap',
        'Image support stick - customized leadership',
        'Vad kan du göra för att bidra till en mer kommunikativ scoutmiljö som främjar barnens delaktighet? Att använda bildstöd är hjälpsamt för de allra flesta då det stödjer inlärning och koncentration och kan bidra till en förståelse för vad som ska hända. Kom och pyssla din egen bildstödspinne som du sedan kan använda på scoutmöten. Passa på att samtala med andra ledare och sakkunniga i Anpassat ledarskap om utmaningar och lösningar kopplade till att leda barn och unga med neuropsykiatriska funktionsnedsättningar.',
        'Vad kan du göra för att bidra till en mer kommunikativ scoutmiljö som främjar barnens delaktighet? Att använda bildstöd är hjälpsamt för de allra flesta då det stödjer inlärning och koncentration och kan bidra till en förståelse för vad som ska hända. Kom och pyssla din egen bildstödspinne som du sedan kan använda på scoutmöten. Passa på att samtala med andra ledare och sakkunniga i Anpassat ledarskap om utmaningar och lösningar kopplade till att leda barn och unga med neuropsykiatriska funktionsnedsättningar.',
        NULL,
        '2026-07-29 14:00:00',
        '2026-07-29 15:00:00',
        NULL,
        '8bf3aefe-86d0-5828-b722-f1eec53fbb27',
        '2026-07-01 00:00:00'
    ),
    (
        'b392ad26-4118-5fe3-999b-21e5a7733f7c',
        'MOOT',
        'MOOT',
        '',
        '',
        NULL,
        '2026-07-29 15:00:00',
        '2026-07-29 16:00:00',
        NULL,
        '8bf3aefe-86d0-5828-b722-f1eec53fbb27',
        '2026-07-01 00:00:00'
    ),
    (
        '7cf2fff2-3b9d-5b29-89df-4877d83e7015',
        'Linedance',
        'Linedance',
        '',
        '',
        NULL,
        '2026-07-29 16:00:00',
        '2026-07-29 17:30:00',
        NULL,
        '8bf3aefe-86d0-5828-b722-f1eec53fbb27',
        '2026-07-01 00:00:00'
    ),
    (
        'acbcca83-ac2d-5fed-b550-f75ceb39dee8',
        'Bugg',
        'Bug dance',
        '',
        '',
        NULL,
        '2026-07-29 19:00:00',
        '2026-07-29 22:00:00',
        NULL,
        '8bf3aefe-86d0-5828-b722-f1eec53fbb27',
        '2026-07-01 00:00:00'
    ),
    (
        '5e4dc1bc-b8f9-5159-b8c9-9c883e895dc7',
        'Treskablinoll: Trygga scouter - nytt materiaö med fokus på inegritet',
        'Treskablinoll: Trygga scouter - nytt materiaö med fokus på inegritet',
        '',
        '',
        NULL,
        '2026-07-29 10:00:00',
        '2026-07-29 11:00:00',
        NULL,
        '61dd8139-dc09-560d-95c3-68848553690c',
        NULL
    ),
    (
        '8af18041-d1ff-5d91-8f12-de04f9840d2a',
        'Internationella Strategin',
        'Internationella Strategin',
        '',
        '',
        NULL,
        '2026-07-29 11:00:00',
        '2026-07-29 12:00:00',
        NULL,
        '61dd8139-dc09-560d-95c3-68848553690c',
        '2026-07-01 00:00:00'
    ),
    (
        '18c52c53-1a29-537e-8525-90827cd5aa6b',
        'Samtal mellan partiföreträdare och scouter om frågor som rör ungas framtid',
        'Samtal mellan partiföreträdare och scouter om frågor som rör ungas framtid',
        'På jamboreen kommer företrädare för en bredd av riksdagspartierna möta scouter i ett samtal om frågor som påverkar ungas framtid. Scouter ges möjlighet att ställa frågor till beslutsfattare, och beslutsfattare får ställa frågor till unga om vad de själva vill och förväntar sig av politiken. Ambitionen är att skapa en öppen, respektfull och konstruktiv dialog som präglas av förståelse och nyfikenhet för varandras olikheter.',
        'På jamboreen kommer företrädare för en bredd av riksdagspartierna möta scouter i ett samtal om frågor som påverkar ungas framtid. Scouter ges möjlighet att ställa frågor till beslutsfattare, och beslutsfattare får ställa frågor till unga om vad de själva vill och förväntar sig av politiken. Ambitionen är att skapa en öppen, respektfull och konstruktiv dialog som präglas av förståelse och nyfikenhet för varandras olikheter.',
        NULL,
        '2026-07-29 16:00:00',
        '2026-07-29 17:00:00',
        NULL,
        '61dd8139-dc09-560d-95c3-68848553690c',
        '2026-07-01 00:00:00'
    ),
    (
        'fa2cb116-9f29-59aa-a59b-597bec8a9dc5',
        'Folkhögskolan workshop',
        'Folkhögskolan workshop',
        '',
        '',
        NULL,
        '2026-07-29 19:00:00',
        '2026-07-29 20:30:00',
        NULL,
        '61dd8139-dc09-560d-95c3-68848553690c',
        '2026-07-01 00:00:00'
    ),
    (
        'd98fdcad-156d-5086-898a-56c4e7d71dbf',
        'Äventyrare berättar: Henrik Wahlström',
        'The adventurer shares: Henrik Wahlström',
        'Lyssna på när äventyraren Henrik Wahlström berättar om de inre äventyren med fokus på psykisk hälsa. Han kommer även berätta om uppochned-märket och om hur du kan ta det!',
        'Listen to the adventurer Henrik Wahlström talk about the inner adventure with a focus on mental health. He will also bring up the up side down patch and how to get it!',
        NULL,
        '2026-07-29 09:00:00',
        '2026-07-29 10:00:00',
        NULL,
        '410166cf-c3f9-547e-8d04-88011947a675',
        '2026-07-01 00:00:00'
    ),
    (
        'e9794be1-af8b-5270-80c2-1271b5490c99',
        'Äventyrare berättar: Idun och Nikita',
        'The adventurer shares: Idun and Nikita',
        'Lyssna på när de unga äventyrarna Idun och Nikita berättar om när de cyklade tandemcykel från Stockholm till Jamboree 26! Om de kommit fram än det vill säga.',
        'Listen to the young adventurers Idun and Nikita talk about when they rode a tandem bike from Stockholm to Jamboree 26! That is, if they''ve arrived yet.',
        NULL,
        '2026-07-29 16:00:00',
        '2026-07-29 17:00:00',
        NULL,
        '410166cf-c3f9-547e-8d04-88011947a675',
        NULL
    ),
    (
        'c8dbd187-cbd0-5365-b090-6b21dd6b76a9',
        'Unga forskare',
        'Unga forskare',
        'Testa på spännande aktiviteter med Unga Forskare!',
        'Try out exciting activities with Young Scientists!',
        NULL,
        '2026-07-29 09:00:00',
        '2026-07-29 17:00:00',
        NULL,
        '752c0d21-3c68-50d2-bf8a-53ee8fa96895',
        '2026-07-01 00:00:00'
    ),
    (
        '2afce3cb-dd2d-57e5-bb4e-e171005f3914',
        'Tillsammans i ledarteamet',
        'Together in the leader team',
        'Ett engagerande pass om hur vi får ledarteam att fungera och kännas bra att vara i. Vi utforskar vad som ger energi, vad som skaver och hur det hänger ihop med kommunikation, tydlighet och psykologisk trygghet. Du får enkla verktyg för att ta små samtal i vardagen som stärker samarbetet - och gör det lättare att vara kvar och bidra',
        'An engaging session about how to build leadership teams that work well and feel good to be part of. We explore what gives people energy, what causes problems, and how this connects to communication, clear expectations, and psychological safety. You will learn simple tools for everyday conversations that improve teamwork, help people stay involved, and make it easier for everyone to contribute.',
        NULL,
        '2026-07-29 20:15:00',
        '2026-07-29 21:15:00',
        NULL,
        'db93cd52-18a4-58c9-ac68-d7c32fe390aa',
        '2026-07-01 00:00:00'
    ),
    (
        '61a36783-7dc3-510a-a53f-a2a2f24b35a0',
        'Tim Bergling Foundation',
        'Tim Berling Foundation',
        'Tanken med välmåendearenan är att ge ledare konkreta verktyg som enkelt kan användas före, under eller efter mötet – för att skapa en tryggare miljö där både kropp och själ får utrymme. 

Genom korta övningar kopplade till välmående kan barn och unga reflektera, bygga självkänsla och utveckla sin förmåga att prata om hur de mår. Välmåendearenan riktar sig också till föräldrar, som får möjlighet att bli en del av arbetet med att stärka ungas välbefinnande. Materialet har övningar som är anpassade för 8-13 år samt för 14 år och uppåt.',
        'Tanken med välmåendearenan är att ge ledare konkreta verktyg som enkelt kan användas före, under eller efter mötet – för att skapa en tryggare miljö där både kropp och själ får utrymme. 

Genom korta övningar kopplade till välmående kan barn och unga reflektera, bygga självkänsla och utveckla sin förmåga att prata om hur de mår. Välmåendearenan riktar sig också till föräldrar, som får möjlighet att bli en del av arbetet med att stärka ungas välbefinnande. Materialet har övningar som är anpassade för 8-13 år samt för 14 år och uppåt.',
        NULL,
        '2026-07-29 09:00:00',
        '2026-07-29 12:00:00',
        NULL,
        'e5af716c-8a6f-56dc-9cfc-287150d616f4',
        '2026-07-01 00:00:00'
    ),
    (
        'b519a75c-6406-5102-a671-4098ad6463ef',
        'Upp- och nedmärket',
        'Upp- och nedmärket',
        'Ett fartfyllt och interaktivt pass där du får uppleva hur lätt det är att bli påverkad – och hur du kan stå emot. Du får konkreta verktyg för att tänka kritiskt, samarbeta och fatta kloka beslut när det verkligen gäller.',
        'Ett fartfyllt och interaktivt pass där du får uppleva hur lätt det är att bli påverkad – och hur du kan stå emot. Du får konkreta verktyg för att tänka kritiskt, samarbeta och fatta kloka beslut när det verkligen gäller.',
        NULL,
        '2026-07-29 11:00:00',
        '2026-07-29 12:00:00',
        NULL,
        '3ef6ac67-e626-5420-a7a0-23e589b76940',
        '2026-07-01 00:00:00'
    ),
    (
        '83ea5ea3-fca8-5dad-80f8-cdedb0efc686',
        'Upp- och nedmärket',
        'Upp- och nedmärket',
        'Ett fartfyllt och interaktivt pass där du får uppleva hur lätt det är att bli påverkad – och hur du kan stå emot. Du får konkreta verktyg för att tänka kritiskt, samarbeta och fatta kloka beslut när det verkligen gäller.',
        'Ett fartfyllt och interaktivt pass där du får uppleva hur lätt det är att bli påverkad – och hur du kan stå emot. Du får konkreta verktyg för att tänka kritiskt, samarbeta och fatta kloka beslut när det verkligen gäller.',
        NULL,
        '2026-07-29 14:00:00',
        '2026-07-29 15:00:00',
        NULL,
        '3ef6ac67-e626-5420-a7a0-23e589b76940',
        NULL
    ),
    (
        '721a6e2d-6e74-5fbe-84d4-3172d6129d1d',
        'Tim Bergling Foundation',
        'Tim Bergling Foundation',
        'Tanken med välmåendearenan är att ge ledare konkreta verktyg som enkelt kan användas före, under eller efter mötet – för att skapa en tryggare miljö där både kropp och själ får utrymme. 

Genom korta övningar kopplade till välmående kan barn och unga reflektera, bygga självkänsla och utveckla sin förmåga att prata om hur de mår. Välmåendearenan riktar sig också till föräldrar, som får möjlighet att bli en del av arbetet med att stärka ungas välbefinnande. Materialet har övningar som är anpassade för 8-13 år samt för 14 år och uppåt.',
        'Tanken med välmåendearenan är att ge ledare konkreta verktyg som enkelt kan användas före, under eller efter mötet – för att skapa en tryggare miljö där både kropp och själ får utrymme. 

Genom korta övningar kopplade till välmående kan barn och unga reflektera, bygga självkänsla och utveckla sin förmåga att prata om hur de mår. Välmåendearenan riktar sig också till föräldrar, som får möjlighet att bli en del av arbetet med att stärka ungas välbefinnande. Materialet har övningar som är anpassade för 8-13 år samt för 14 år och uppåt.',
        NULL,
        '2026-07-29 14:00:00',
        '2026-07-29 17:00:00',
        NULL,
        'e5af716c-8a6f-56dc-9cfc-287150d616f4',
        '2026-07-01 00:00:00'
    ),
    (
        'b8365222-0727-59cf-9fca-f8f256c3aa12',
        'Uppdrag Självkänsla',
        'Mission: Self Confidence',
        'Föreläsningen handlar om självkänsla, kroppsideal, sociala medier, ätstörningar och vikten av sund rörelse. Förutom medvetenhet om ämnena så får deltagarna också verktyg för att hantera dem på ett positivt och hälsosamt sätt.',
        'Föreläsningen handlar om självkänsla, kroppsideal, sociala medier, ätstörningar och vikten av sund rörelse. Förutom medvetenhet om ämnena så får deltagarna också verktyg för att hantera dem på ett positivt och hälsosamt sätt.',
        NULL,
        '2026-07-29 19:00:00',
        '2026-07-29 19:00:00',
        NULL,
        '3ef6ac67-e626-5420-a7a0-23e589b76940',
        '2026-07-01 00:00:00'
    ),
    (
        '89f7a5d2-daae-52a4-8834-dc1167ab94db',
        'Fladdermussafari',
        'Bat-safari',
        '',
        '',
        30,
        '2026-07-29 21:00:00',
        '2026-07-29 23:00:00',
        NULL,
        '28096a60-107b-5452-9898-b3609640ffb9',
        '2026-07-01 00:00:00'
    ),
    (
        '2bc55212-040d-57a5-8477-bdb7e8d3ece1',
        'Frisk & Fri: Stärk din självkänsla - få mod att förändra',
        'Frisk & Fri: Stärk din självkänsla - få mod att förändra',
        'Det är svårt att förändra världen om man inte riktigt tror på sig själv. Den goda nyheten? Självkänsla är ingen medfödd egenskap, det är något man faktiskt kan träna upp.
 
Frisk och Fri är riksföreningen mot ätstörningar och jobbar dagligen med unga för att stärka självkänslan i en värld full av skönhetsideal och prestationskrav. I det här samtalet undersöker vi tillsammans med dem hur man stärker grunden inom sig själv så att man vågar ta plats, höja rösten och driva förändring på riktigt.
 
Nästa steg mot förändring kanske börjar med en blick inåt.',
        'Det är svårt att förändra världen om man inte riktigt tror på sig själv. Den goda nyheten? Självkänsla är ingen medfödd egenskap, det är något man faktiskt kan träna upp.
 
Frisk och Fri är riksföreningen mot ätstörningar och jobbar dagligen med unga för att stärka självkänslan i en värld full av skönhetsideal och prestationskrav. I det här samtalet undersöker vi tillsammans med dem hur man stärker grunden inom sig själv så att man vågar ta plats, höja rösten och driva förändring på riktigt.
 
Nästa steg mot förändring kanske börjar med en blick inåt.',
        NULL,
        '2026-07-29 11:00:00',
        '2026-07-29 12:00:00',
        NULL,
        '8fe15224-f662-5ce0-a1bc-4706c821c590',
        '2026-07-01 00:00:00'
    ),
    (
        '9c64cbe6-27f8-5c79-af5e-7b903c19ed3e',
        'Frisk & Fri: Hur förändrar vi snacket om kropp och utseende?',
        'Frisk & Fri: Hur förändrar vi snacket om kropp och utseende?',
        'Är du frustrerad över samtalsklimatet kring kropp och utseende i din närhet, och en vuxenvärld som tittar bort? 
 
Frisk & Fri, riksföreningen mot ätstörningar, vet hur mycket strukturer och normer runt oss påverkar hur vi mår. I den här föreläsningen tittar vi på hur de här mönstren formas, men framförallt hur de kan förändras. Hur förändrar du samtalsklimatet i din kår eller klass så att färre hamnar i kläm?
 
Du behöver inte ha alla svar. Men du kan vara en del av lösningen - välkommen!',
        'Är du frustrerad över samtalsklimatet kring kropp och utseende i din närhet, och en vuxenvärld som tittar bort? 
 
Frisk & Fri, riksföreningen mot ätstörningar, vet hur mycket strukturer och normer runt oss påverkar hur vi mår. I den här föreläsningen tittar vi på hur de här mönstren formas, men framförallt hur de kan förändras. Hur förändrar du samtalsklimatet i din kår eller klass så att färre hamnar i kläm?
 
Du behöver inte ha alla svar. Men du kan vara en del av lösningen - välkommen!',
        NULL,
        '2026-07-29 16:00:00',
        '2026-07-29 17:00:00',
        NULL,
        '8fe15224-f662-5ce0-a1bc-4706c821c590',
        NULL
    ),
    (
        '20cb80f6-c27c-51d7-b750-61c62b629800',
        'Influencern Henrik Wahlström: Från frustration till förändring',
        'Influencern Henrik Wahlström: Från frustration till förändring',
        'Hur tar man en känsla, en frustration eller en personlig erfarenhet och förvandlar den till något som faktiskt förändrar samhället runtomkring? Henrik Wahlström vet. Det började med ett Instagraminlägg, fortsatte med en symbol ritad av en fyraåring och har vuxit till en rörelse som idag engagerar hundratusentals människor. Allt startade med att han vågade sätta ord på något han burit på i tolv år.
 
Första halvtimmen berättar Henrik om resan från den där känslan av att "någon borde göra något" till att faktiskt göra det, och hur han fick med sig andra på vägen. Andra halvtimmen svarar han på era frågor, och du kan redan under veckan vara med och bidra med dina frågor!',
        'Hur tar man en känsla, en frustration eller en personlig erfarenhet och förvandlar den till något som faktiskt förändrar samhället runtomkring? Henrik Wahlström vet. Det började med ett Instagraminlägg, fortsatte med en symbol ritad av en fyraåring och har vuxit till en rörelse som idag engagerar hundratusentals människor. Allt startade med att han vågade sätta ord på något han burit på i tolv år.
 
Första halvtimmen berättar Henrik om resan från den där känslan av att "någon borde göra något" till att faktiskt göra det, och hur han fick med sig andra på vägen. Andra halvtimmen svarar han på era frågor, och du kan redan under veckan vara med och bidra med dina frågor!',
        70,
        '2026-07-29 19:30:00',
        '2026-07-29 20:30:00',
        NULL,
        '8fe15224-f662-5ce0-a1bc-4706c821c590',
        '2026-07-01 00:00:00'
    ),
    (
        'ab29cf58-58fe-51cf-a826-eeefa2e8aead',
        'Deep talk: Har AI gått för långt?',
        'Deep talk: Har AI gått för långt?',
        'Vad händer när AI gör jobbet åt dig, när texten inte låter som du, kunskapen aldrig fastnar och du inte ens behöver tänka själv? När konsten den skapar är byggd på stulet material från riktiga konstnärer?
Det finns inga enkla svar här. Men det finns massor att djupdyka i kring en av vår tids största utmaningar och möjligheter.',
        'Most of us already use AI. But what happens when it starts doing the work for you – when the text no longer sounds like you, knowledge never sticks, and you don''t even have to think for yourself? When the art it creates is built on stolen material from real artists?
There are no easy answers here. But there''s plenty to talk about.',
        NULL,
        '2026-07-29 21:00:00',
        '2026-07-29 22:00:00',
        NULL,
        '8fe15224-f662-5ce0-a1bc-4706c821c590',
        '2026-07-01 00:00:00'
    ),
    (
        '13688a1f-f48c-5ea5-beae-a471c25e907e',
        'Ledarskap som lyfter unga',
        'Leadership that empowers young people',
        'Vad innebär det egentligen att släppa fram unga på riktigt? När håller vi kvar kontrollen utan att märka det? Vad behöver förändras? 

Två kvällar öppnar vi upp Gnistan för dig som ledare. Inga färdiga frågor, men ett rum för dig och andra vuxna ledare som vill prata om hur ni kan bli bättre på att stötta unga.',
        'What does it really mean to step aside and let young people take the lead? When do we hold on to control without even realizing it, and what needs to change?

For two evenings, Gnistan opens its doors to you as a leader. There are no ready-made answers or set questions, but a space for you and other adult leaders to explore how we can become better at supporting young people.',
        NULL,
        '2026-07-29 21:00:00',
        '2026-07-29 22:00:00',
        NULL,
        '8fe15224-f662-5ce0-a1bc-4706c821c590',
        '2026-07-01 00:00:00'
    ),
    (
        'c7a54b16-96f0-5eef-a2b0-e3e9923e1175',
        'Quiz',
        'Quiz',
        'Kom och var med på quiz! Spela själv eller i lag.',
        'Come and join us for a fun quiz! Play alone or as a team.',
        NULL,
        '2026-07-29 16:00:00',
        '2026-07-29 16:30:00',
        NULL,
        '6a01d4f5-5989-530b-a37b-d53ae9440118',
        '2026-07-01 00:00:00'
    ),
    (
        '9a276b95-608c-5f7c-bea5-7be1881d6763',
        'Stand up',
        'Stand up',
        '',
        '',
        NULL,
        '2026-07-29 19:30:00',
        '2026-07-29 20:30:00',
        NULL,
        '6a01d4f5-5989-530b-a37b-d53ae9440118',
        NULL
    ),
    (
        'db77625e-6ea0-5bf9-a4ac-32a1d00f9b06',
        'Quiz: Disney',
        'Quiz: Disney',
        '',
        '',
        NULL,
        '2026-07-29 09:45:00',
        '2026-07-29 10:45:00',
        NULL,
        '3ef6ac67-e626-5420-a7a0-23e589b76940',
        '2026-07-01 00:00:00'
    ),
    (
        'cc767b60-2cea-594b-be67-4b1e5d0fa504',
        'Quiz: Disney',
        'Quiz: Disney',
        '',
        '',
        NULL,
        '2026-07-29 15:15:00',
        '2026-07-29 16:15:00',
        NULL,
        '3ef6ac67-e626-5420-a7a0-23e589b76940',
        '2026-07-01 00:00:00'
    ),
    (
        '8c4dccb0-861b-5dfc-bb28-31050a9aecde',
        'Turnering: Settlers of Catan',
        'Tournament: Settlers of Catan',
        '',
        '',
        NULL,
        '2026-07-29 21:00:00',
        '2026-07-29 23:59:00',
        NULL,
        'e5af716c-8a6f-56dc-9cfc-287150d616f4',
        '2026-07-01 00:00:00'
    ),
    (
        'dbf084f0-62ea-51d7-a1fe-07590a0b6094',
        'Quiz: The Price is Right - Internationell scouting edition!',
        'Quiz: The Price is Right - International scouting edition!',
        '',
        '',
        NULL,
        '2026-07-29 22:00:00',
        '2026-07-29 23:00:00',
        NULL,
        'eadcb315-41e0-546c-b3a5-6b28bfb6c18c',
        '2026-07-01 00:00:00'
    ),
    (
        '871e861c-aea4-58bd-abe2-c3a61ed921d2',
        'Pyssla bildstödspinne och prata om Anpassat ledarskap',
        'Pyssla bildstödspinne och prata om Anpassat ledarskap',
        'Pyssla bildstödspinne och prata om Anpassat ledarskap',
        '-',
        NULL,
        '2026-07-29 14:00:00',
        '2026-07-29 15:00:00',
        NULL,
        '8bf3aefe-86d0-5828-b722-f1eec53fbb27',
        NULL
    ),
    (
        'cfbcf58c-a1a0-58bc-a50a-17b43ea299e6',
        '29/7 – Lucia 🕯️',
        '29/7 – Lucia 🕯️',
        'Lucia i juli? Självklart! December var upptagen, så vi flyttade firandet till sommaren istället. Upplev en av Sveriges mysigaste traditioner med sång, pepparkakor och massor av ljus. Har du något vitt att ha på dig, eller kanske ett ljusband eller glitter? Då blir du en del av vårt eget luciatåg! Missa dagens Limited Edition!',
        'Lucia in July? Absolutely! December was already booked, so we moved the celebration to summer instead. Experience one of Sweden''s coziest traditions with singing, gingerbread cookies, and plenty of candlelight. Got something white to wear, a light-up headband, or some glitter? Then you can be part of our very own Lucia procession! Don''t miss today''s Limited Edition!',
        NULL,
        '2026-07-29 10:00:00',
        '2026-07-29 22:00:00',
        NULL,
        '3cc164ae-2a31-55a9-8a3e-73935189dcf0',
        '2026-07-01 00:00:00'
    ),
    (
        'ba51e8fe-ce4e-5d9b-8439-08e85efbc63f',
        'Lekaktiviteter',
        'Lekaktiviteter',
        'Hämta fotboll, rockring, hopprep, gagaboll boll m.m och spela med patrullkompisar eller nya vänner',
        'Hämta fotboll, rockring, hopprep, gagaboll boll m.m och spela med patrullkompisar eller nya vänner',
        NULL,
        '2026-07-29 09:00:00',
        '2026-07-29 21:00:00',
        NULL,
        'adf125a7-5bf4-5b81-9c9f-bedfce4c0a65',
        '2026-07-01 00:00:00'
    ),
    (
        'c905335b-63d6-562a-81e6-0d5dbba2ff7e',
        'Bubbelballs',
        'Bubbelballs',
        'Studsa runt i stora uppblåsbara bollar!',
        'Jump around in big inflatable balls!',
        NULL,
        '2026-07-29 09:00:00',
        '2026-07-29 21:00:00',
        NULL,
        'adf125a7-5bf4-5b81-9c9f-bedfce4c0a65',
        '2026-07-01 00:00:00'
    ),
    (
        'a03d0ba9-b294-5822-b584-67a47f10cbb1',
        'Kåsan',
        'Kåsan',
        '',
        '',
        NULL,
        '2026-07-29 09:00:00',
        '2026-07-29 21:00:00',
        NULL,
        '0f29d7b2-b1e9-5371-8dd6-8e967c002208',
        '2026-07-01 00:00:00'
    ),
    (
        'd0d060b3-20aa-5183-823c-a3f9336a7f45',
        'Känslokartan',
        'Känslokartan',
        '',
        '',
        NULL,
        '2026-07-29 09:00:00',
        '2026-07-29 21:00:00',
        NULL,
        '1a4f6eda-8d95-5fc9-8f3d-b663ecf6b4d3',
        NULL
    ),
    (
        '6ee37d9e-29be-55d0-8ea0-4a7455bb23cc',
        'Brädspel',
        'Brädspel',
        'Brädspel',
        'Boardgames',
        NULL,
        '2026-07-29 09:00:00',
        '2026-07-29 21:00:00',
        NULL,
        '1a4f6eda-8d95-5fc9-8f3d-b663ecf6b4d3',
        '2026-07-01 00:00:00'
    ),
    (
        '1cc1fda1-ef8c-5304-ba7e-22b5f717228a',
        'Cybersäkerhet med Unga forskare',
        'Cybersäkerhet med Unga forskare',
        '',
        '',
        NULL,
        '2026-07-29 09:00:00',
        '2026-07-29 21:00:00',
        NULL,
        '1a4f6eda-8d95-5fc9-8f3d-b663ecf6b4d3',
        '2026-07-01 00:00:00'
    ),
    (
        'bacd0080-f649-5395-9a58-c19a9d7c00f4',
        'Knoprep',
        'Knoprep',
        'Knoprep och instruktion finns för att lära sig en ny knop',
        'Learn a new knot, there is rope and intructions',
        NULL,
        '2026-07-29 09:00:00',
        '2026-07-29 21:00:00',
        NULL,
        '814b68b7-cae2-52f0-8a6d-9d13797bdabf',
        '2026-07-01 00:00:00'
    ),
    (
        '8dcfb880-4593-5c83-8dc3-39334cdadbed',
        'Tillsammans målning',
        'Tillsammans målning',
        'Hjälp till att skapa en målning tillsammans. Rita något på tavlan som betyder jamboree för dig.',
        'Help creating a picture together. Draw something that means jamboree to you.',
        NULL,
        '2026-07-29 09:00:00',
        '2026-07-29 21:00:00',
        NULL,
        '814b68b7-cae2-52f0-8a6d-9d13797bdabf',
        '2026-07-01 00:00:00'
    ),
    (
        '42cd3402-33a3-53d7-9b8d-fcf95901bdf3',
        'Halmpool',
        'Halmpool',
        'Hoppa ner i halmen, kan du hitta nålen i halmstacken?',
        'Jump in the haystack. Can you find the needle in the hay?',
        NULL,
        '2026-07-29 09:00:00',
        '2026-07-29 21:00:00',
        NULL,
        'c5a754b1-5317-5ee3-a031-49caf710672e',
        NULL
    ),
    (
        'e97b73f4-4d5a-5b18-a71f-680319e10eef',
        'Slankaruseller',
        'Slankaruseller',
        'Åk på en karusell byggd av slanor.',
        'Ride a carousel made of wood.',
        NULL,
        '2026-07-29 09:00:00',
        '2026-07-29 21:00:00',
        NULL,
        'c5a754b1-5317-5ee3-a031-49caf710672e',
        '2026-07-01 00:00:00'
    ),
    (
        '83b9605b-6d8f-56c2-8d06-aa8c4948f16d',
        'Trygga möten fördjupning',
        'Trygga möten fördjupning',
        '',
        '',
        NULL,
        '2026-07-30 09:00:00',
        '2026-07-30 11:00:00',
        NULL,
        '61dd8139-dc09-560d-95c3-68848553690c',
        '2026-07-01 00:00:00'
    ),
    (
        'd1bef4f0-215c-5728-8360-a8bca5bab180',
        'Bris',
        'Bris',
        '',
        '',
        NULL,
        '2026-07-30 11:00:00',
        '2026-07-30 12:00:00',
        NULL,
        '61dd8139-dc09-560d-95c3-68848553690c',
        '2026-07-01 00:00:00'
    ),
    (
        '87c58b36-0673-56b5-b1bd-3d6fdb36e9c6',
        'Inspiration för kårer som vill åka utomlands',
        'Inspiration för kårer som vill åka utomlands',
        '',
        '',
        NULL,
        '2026-07-30 14:00:00',
        '2026-07-30 15:00:00',
        NULL,
        '61dd8139-dc09-560d-95c3-68848553690c',
        '2026-07-01 00:00:00'
    ),
    (
        'eead6a68-1f2b-53c5-bc82-f7b928d8beec',
        'Folkhögskolan workshop',
        'Folkhögskolan workshop',
        '',
        '',
        NULL,
        '2026-07-30 19:00:00',
        '2026-07-30 20:30:00',
        NULL,
        '61dd8139-dc09-560d-95c3-68848553690c',
        NULL
    ),
    (
        'c0ed0f3b-e9bd-5640-b053-ae5dab461678',
        'Nyfiken på Leda Avdelning',
        'Nyfiken på Leda Avdelning',
        'Utbildningen Leda avdelning fokuserar på ledarteamet och allt som de gör tillsammans i avdelningen. Under denna workshop får du prova på en del av utbildningen och ta med dig lite ny kunskap hem.',
        '-',
        NULL,
        '2026-07-30 19:00:00',
        '2026-07-30 20:30:00',
        NULL,
        NULL,
        '2026-07-01 00:00:00'
    ),
    (
        '40fab5e2-18ee-5a75-9b37-5dea0d33bc9f',
        'Så jobbar en EU-korrespondent',
        'Så jobbar en EU-korrespondent',
        'Livet som Europakorrespondent är väldigt omväxlande. Ena dagen rapporterar man från kriget i Ukraina, andra från en fotbollsmatch i Paris, en värmebölja i Spanien eller ett EU-toppmöte i Aten.
Det finns många fällor: ofta har man förutfattade meningar om olika länder, till exempel. Hur rapporterar man utan att fastna i fördomar?
Teresa Küchler är journalist och jobbar sen 21 år i Bryssel. Hör om hennes arbete och vilka journalistiska tricks som var och en kan ha nytta av för att föra fram sina åsikter. Vad gör att vissa händelser blir toppnyheter och inte andra? Hur gör man en bra intervju?',
        'Livet som Europakorrespondent är väldigt omväxlande. Ena dagen rapporterar man från kriget i Ukraina, andra från en fotbollsmatch i Paris, en värmebölja i Spanien eller ett EU-toppmöte i Aten.
Det finns många fällor: ofta har man förutfattade meningar om olika länder, till exempel. Hur rapporterar man utan att fastna i fördomar?
Teresa Küchler är journalist och jobbar sen 21 år i Bryssel. Hör om hennes arbete och vilka journalistiska tricks som var och en kan ha nytta av för att föra fram sina åsikter. Vad gör att vissa händelser blir toppnyheter och inte andra? Hur gör man en bra intervju?',
        NULL,
        '2026-07-30 09:45:00',
        '2026-07-30 10:45:00',
        NULL,
        '8fe15224-f662-5ce0-a1bc-4706c821c590',
        '2026-07-01 00:00:00'
    ),
    (
        '50cd5135-1530-5fb4-b27f-92d48428fd68',
        'Nedmontera skiten - hur skapar vi den sämsta möjliga skolan?',
        'Tear it all down – how do we create the worst possible school?',
        'Vad skulle göra din skola helt outhärdlig? Det är precis där vi börjar.
I den här workshopen får du och din grupp fritt klaga, riva ned och bygga världens sämsta skola - på riktigt, med allt ni hatar. Och sen, när allt ligger i ruiner, vänder vi på det. För det är först när man sett botten som det blir uppenbart vad en riktigt bra skola faktiskt kräver.
Vi avslutar med att prata elevdemokrati: vad det är, vad som krävs för att det ska funka, och vad du faktiskt kan göra med det.',
        'What would make your school completely unbearable? That''s exactly where we start.
In this workshop, you and your group get to complain freely, tear it all down and build the world''s worst school – for real, with everything you hate. And then, when it''s all in ruins, we flip it. Because it''s only when you''ve hit rock bottom that it becomes obvious what a truly great school actually needs.
We wrap up by talking student democracy: what it is, what it takes to make it work – and what you can actually do with it.',
        NULL,
        '2026-07-30 11:00:00',
        '2026-07-30 12:00:00',
        NULL,
        '8fe15224-f662-5ce0-a1bc-4706c821c590',
        '2026-07-01 00:00:00'
    ),
    (
        '850fe1e2-1a9c-5f27-90ae-e1a188056e6d',
        'Bris: Att aldrig riktigt räcka till',
        'Bris: Att aldrig riktigt räcka till',
        'Känner du igen känslan av att alltid behöva räcka till? Många barn och unga lever med höga krav från skolan, sociala medier, omgivningen och sig själva. Samtidigt säger de att det som hjälper mest inte är fler råd, utan vuxna som lyssnar, förstår och finns kvar när det blir svårt.
I den här workshoppen utforskar vi hur krav och förväntningar påverkar ungas vardag, och hur vi kan skilja mellan krav som hjälper oss att växa och sådana som skapar press. Vi reflekterar också över hur vuxna kan vara ett stöd istället för att bidra till stress.
Du lämnar kanske inte workshoppen med alla svar, men förhoppningsvis med nya perspektiv, viktiga frågor och',
        'Känner du igen känslan av att alltid behöva räcka till? Många barn och unga lever med höga krav från skolan, sociala medier, omgivningen och sig själva. Samtidigt säger de att det som hjälper mest inte är fler råd, utan vuxna som lyssnar, förstår och finns kvar när det blir svårt.
I den här workshoppen utforskar vi hur krav och förväntningar påverkar ungas vardag, och hur vi kan skilja mellan krav som hjälper oss att växa och sådana som skapar press. Vi reflekterar också över hur vuxna kan vara ett stöd istället för att bidra till stress.
Du lämnar kanske inte workshoppen med alla svar, men förhoppningsvis med nya perspektiv, viktiga frågor och',
        NULL,
        '2026-07-30 15:00:00',
        '2026-07-30 16:00:00',
        NULL,
        '8fe15224-f662-5ce0-a1bc-4706c821c590',
        '2026-07-01 00:00:00'
    ),
    (
        'bd46e4be-166b-53aa-98d6-8c64f006b706',
        'Rektorn på besök: Hur mycket kan du egentligen påverka?',
        'Meet the Principal: How Much Can You Really Influence?',
        'Vad händer när elevernas rätt till delaktighet möter skolans vardag, och vad kan du egentligen påverka i skolan?
Åsa Strömberg och Linda Klang är rektorer som besöker Gnistan för ett öppet samtal om elevinflytande, demokrati och allt annat som händer i skolans värld. Här finns inga färdiga svar, bara ett nyfiket samtal där allas perspektiv är lika viktiga.',
        'What happens when students’ right to participation meets everyday school life, and what can you actually influence at school (from a swedish perspective)?

Åsa Strömberg and Linda Klang are principals visiting Gnistan for an open conversation about student influence, democracy, and everything else that happens in the world of school. There are no ready-made answers here, just a curious conversation where everyone’s perspectives are equally valued.',
        NULL,
        '2026-07-30 19:30:00',
        '2026-07-30 20:30:00',
        NULL,
        '8fe15224-f662-5ce0-a1bc-4706c821c590',
        NULL
    ),
    (
        'd9b9d7fb-1634-5580-a328-495883dd5428',
        'Deep talk - Rösta i Gnistan på tema!',
        'Deep talk - vote in Gnistan!',
        'Deep talk som bestäms av deltagarna under veckan. Kom med dina förslag och rösta i Gnistan!',
        'Deep talk that''s decided in Gnistan during the week. Bring your suggestions and vote for your favourite!',
        NULL,
        '2026-07-30 21:00:00',
        '2026-07-30 22:00:00',
        NULL,
        '8fe15224-f662-5ce0-a1bc-4706c821c590',
        '2026-07-01 00:00:00'
    ),
    (
        '0aba5b9b-9b61-52a7-a218-967cf33484f3',
        'Ledarskap som lyfter unga',
        'Leadership that empowers young people',
        'Vad innebär det egentligen att släppa fram unga på riktigt? När håller vi kvar kontrollen utan att märka det? Vad behöver förändras? 

Två kvällar öppnar vi upp Gnistan för dig som ledare. Inga färdiga frågor, men ett rum för dig och andra vuxna ledare som vill prata om hur ni kan bli bättre på att stötta unga.',
        'What does it really mean to step aside and let young people take the lead? When do we hold on to control without even realizing it, and what needs to change?

For two evenings, Gnistan opens its doors to you as a leader. There are no ready-made answers or set questions, but a space for you and other adult leaders to explore how we can become better at supporting young people.',
        NULL,
        '2026-07-30 21:00:00',
        '2026-07-30 22:00:00',
        NULL,
        '8fe15224-f662-5ce0-a1bc-4706c821c590',
        '2026-07-01 00:00:00'
    ),
    (
        '8ddfc7e3-652f-5d35-8b4e-c2fd9f7b9bd4',
        'Återträff WSJ - World Scout Jamboree',
        'Reunion WSJ - World Scout Jamboree',
        'Återträff för alla som deltagit på en världscoutjamboree, oavsett vilket år eller vilken funktion. Vi samlas alla och splittar sedan upp oss i mindre grupper.',
        'Reunion for everybody that has participated in any of the World Scout Jamboress, regardless which year. We all gather together and split up in smaller groups.',
        12000,
        '2026-07-30 19:30:00',
        '2026-07-30 21:30:00',
        NULL,
        '6a01d4f5-5989-530b-a37b-d53ae9440118',
        '2026-07-01 00:00:00'
    ),
    (
        'dd4bb037-abf9-5b64-a1e9-29cb8e45a1e0',
        'Återträff World Scout Moot',
        'Reunion WSM - World Scout Moot',
        'Återträff för alla som deltagit på WSM, oavsett vilket år eller vilken funktion. Vi samlas alla och splittar sedan upp oss i mindre grupper.',
        'Reunion for everybody that has participated in any of the World Scout Moots, regardless which year. We all gather together and split up in smaller groups.',
        500,
        '2026-07-30 20:30:00',
        '2026-07-30 22:30:00',
        NULL,
        '6a01d4f5-5989-530b-a37b-d53ae9440118',
        '2026-07-01 00:00:00'
    ),
    (
        'd37bf222-75ed-58d0-b382-449875c35eef',
        'Återträff Roverway',
        'Reunion Roverway',
        'Återträff för alla som deltagit på RW, oavsett vilket år eller vilken funktion. Vi samlas alla och splittar sedan upp oss i mindre grupper.',
        'Reunion for everybody that has participated in any of the Roverways, regardless which year. We all gather together and split up in smaller groups.',
        500,
        '2026-07-30 20:30:00',
        '2026-07-30 22:30:00',
        NULL,
        '6a01d4f5-5989-530b-a37b-d53ae9440118',
        NULL
    ),
    (
        'a10bf42e-79ec-554a-8571-1ab2a3daea1c',
        'Quiz',
        'Quiz',
        'Kom och var med på quiz! Spela själv eller i lag.',
        'Come and join us for a fun quiz! Play alone or as a team.',
        NULL,
        '2026-07-30 16:00:00',
        '2026-07-30 16:30:00',
        NULL,
        '6a01d4f5-5989-530b-a37b-d53ae9440118',
        '2026-07-01 00:00:00'
    ),
    (
        'a0675bed-8d38-5222-acbf-d9719f19296c',
        'Open mic night',
        'Open mic night',
        'Scenen är din! Har du en talang du vill visa upp, kanske spela på ett instrument som du har med till lägret, trolleritrick, stand-up, poesi, sång eller något annat? Ta chansen att visa upp vad just du kan på Heartbeat cafes scen! Kom till cafeet under dagen och berätta för oss vad du vill framföra. Och har du inte en talang du vill visa upp, kom som publik och njut av lägerdeltagarnas framföranden!',
        'The stage is yours! Do you have a talent you’d like to show off — maybe playing an instrument you’ve brought to camp, magic tricks, stand-up, poetry, singing, or something else? Take the chance to show everyone what you can do on the Heartbeat Café stage! Come to the café during the day and tell us what you’d like to perform. And if you don’t have a talent you want to share, come as part of the audience and enjoy the performances by the camp participants!',
        NULL,
        '2026-07-30 19:30:00',
        '2026-07-30 21:00:00',
        NULL,
        '6a01d4f5-5989-530b-a37b-d53ae9440118',
        '2026-07-01 00:00:00'
    ),
    (
        '5c34806a-8cb6-5ac8-939c-e50667086f37',
        'Internationella gruppen tar över ledarhänget',
        'Internationella gruppen tar över ledarhänget',
        'Kom och mingla och få inspiration till kåren!',
        'Kom och mingla och få inspiration till kåren!',
        NULL,
        '2026-07-30 19:00:00',
        '2026-07-30 21:00:00',
        NULL,
        '468c6568-2b5b-59db-9eaf-a1fcac55141e',
        '2026-07-01 00:00:00'
    ),
    (
        'a7510cf9-536f-54bc-ac43-4e43d4623d67',
        'Upptäckarsamtal',
        'Explorer scout leader gathering',
        'Slå dig ner vid lägerelden och möt upptäckarledare från hela landet, dela erfarenheter, hämta inspiration och skapa nya kontakter.',
        'Gather around the campfire and meet Explorer Scout leaders from across the country, share experiences, find inspiration, and make new connections.',
        NULL,
        '2026-07-30 19:00:00',
        '2026-07-30 20:00:00',
        NULL,
        '6b32fa25-8341-537f-b8d7-ca4ad5a843a6',
        '2026-07-01 00:00:00'
    ),
    (
        '065b36e9-4127-5495-9ae3-16cb4a177ef9',
        'Familjescoutsamtal',
        'Family scout leader gathering',
        'Slå dig ner vid lägerelden och möt familjescoutledare från hela landet, dela erfarenheter, hämta inspiration och skapa nya kontakter.',
        'Gather around the campfire and meet Family Scout leaders from across the country, share experiences, find inspiration, and make new connections.',
        NULL,
        '2026-07-30 14:00:00',
        '2026-07-30 15:00:00',
        NULL,
        '6b32fa25-8341-537f-b8d7-ca4ad5a843a6',
        NULL
    ),
    (
        '87018007-7156-5f30-ab55-74746d60ac5c',
        'Spårarsamtal',
        'Tracker scout leader gathering',
        'Slå dig ner vid lägerelden och möt spårareledare från hela landet, dela erfarenheter, hämta inspiration och skapa nya kontakter.',
        'Gather around the campfire and meet Tracker Scout leaders from across the country, share experiences, find inspiration, and make new connections.',
        NULL,
        '2026-07-30 10:00:00',
        '2026-07-30 11:00:00',
        NULL,
        '6b32fa25-8341-537f-b8d7-ca4ad5a843a6',
        '2026-07-01 00:00:00'
    ),
    (
        'e8f319ab-0851-520a-966e-b3fe63beef09',
        'NSF',
        'NSF',
        '',
        '',
        NULL,
        '2026-07-30 10:00:00',
        '2026-07-30 11:00:00',
        NULL,
        '8bf3aefe-86d0-5828-b722-f1eec53fbb27',
        '2026-07-01 00:00:00'
    ),
    (
        '665b6442-3ee5-5064-b728-e07a4f1b8e26',
        'Speedfriending',
        'Speedfriending',
        '',
        '',
        60,
        '2026-07-30 11:00:00',
        '2026-07-30 12:00:00',
        NULL,
        '8bf3aefe-86d0-5828-b722-f1eec53fbb27',
        '2026-07-01 00:00:00'
    ),
    (
        '7669c2c7-538f-5d2b-bc09-3e562a4768de',
        'Bildstödspinne - anpassat ledarskap',
        'Image support stick - customized leadership',
        '',
        '',
        NULL,
        '2026-07-30 14:00:00',
        '2026-07-30 15:00:00',
        NULL,
        '8bf3aefe-86d0-5828-b722-f1eec53fbb27',
        '2026-07-01 00:00:00'
    ),
    (
        'cc405766-4f25-5b04-9020-90b1693609e3',
        'Bachata',
        'Bachata',
        'Lär dig dansa den latinamerikanska dansen Bachata! Detta är tillfälle 1. Efter avslutade kurser kan ni använda era nylärda danssteg när kvällens klubb öppnar vid 20:00!',
        'Learn to dance the Latin American dance Bachata! This is opportunity 1. After the evening course, you can use your newly learned dance steps when tonight''s club opens at 8:00 PM!',
        60,
        '2026-07-30 15:00:00',
        '2026-07-30 16:00:00',
        NULL,
        '8bf3aefe-86d0-5828-b722-f1eec53fbb27',
        NULL
    ),
    (
        'd600ef16-5a89-51fb-8169-5336aeddc7d4',
        'Bachata',
        'Bachata',
        'Lär dig dansa den latinamerikanska dansen Bachata! Detta är tillfälle 2. Efter avslutade kurser kan ni använda era nylärda danssteg när kvällens klubb öppnar vid 20:00!',
        'Learn to dance the Latin American dance Bachata! This is opportunity 2. After the evening course, you can use your newly learned dance steps when tonight''s club opens at 8:00 PM!',
        60,
        '2026-07-30 16:00:00',
        '2026-07-30 17:00:00',
        NULL,
        '8bf3aefe-86d0-5828-b722-f1eec53fbb27',
        '2026-07-01 00:00:00'
    ),
    (
        '6afa33b0-c429-56f1-a7fc-f49f33d2ea7c',
        'Bachata',
        'Bachata',
        'Lär dig dansa den latinamerikanska dansen Bachata! Detta är tillfälle 3. Efter avslutade kurser kan ni använda era nylärda danssteg när kvällens klubb öppnar vid 20:00!',
        'Learn to dance the Latin American dance Bachata! This is opportunity 3. After the evening course, you can use your newly learned dance steps when tonight''s club opens at 8:00 PM!',
        60,
        '2026-07-30 19:00:00',
        '2026-07-30 20:00:00',
        NULL,
        '8bf3aefe-86d0-5828-b722-f1eec53fbb27',
        '2026-07-01 00:00:00'
    ),
    (
        'aff5625b-7de7-5246-938d-ae374c0a9416',
        'Klubb Fiesta med DJ Måns',
        'Club Fiesta with DJ Måns',
        'Här dansar vi, firar och lever livet tillsammans under rytmerna av passion och gemenskap. Oavsett om du är här för att dansa, lära dig nya steg (kanske efter en härlig Bachata-kurs?) eller bara suga in den härliga stämningen – du är en del av familjen.',
        'Here we dance, celebrate and live life together under the rhythms of passion and community. Whether you are here to dance, learn new steps (maybe after a lovely Bachata class?) or just soak up the wonderful atmosphere – you are part of the family.',
        NULL,
        '2026-07-30 20:00:00',
        '2026-07-30 23:00:00',
        NULL,
        '8bf3aefe-86d0-5828-b722-f1eec53fbb27',
        '2026-07-01 00:00:00'
    ),
    (
        'fd514c87-6151-50b6-9a28-893a562b7eff',
        'Volleybollturnering',
        'Volleyball tournament',
        '',
        '',
        NULL,
        '2026-07-30 19:00:00',
        '2026-07-30 21:00:00',
        NULL,
        'e10efb9b-f353-54dd-811c-e3b516ce79e8',
        '2026-07-01 00:00:00'
    ),
    (
        '5cf47cfb-215d-5a70-87e1-4944ff4ccd4f',
        'Hur bygger vi fred lokalt när det pågår krig globalt?',
        'How do we build peace locally when there is war globally?',
        'Ett engagerande pass där du får utforska hur fred kan byggas i vardagen, även när världen präglas av konflikter. Genom reflektion, samtal och konkreta exempel får du nya perspektiv på hur vi som scouter kan bidra till trygghet, tillit och förändring på lokal nivå som i längden bygger fred globalt.',
        'Ett engagerande pass där du får utforska hur fred kan byggas i vardagen, även när världen präglas av konflikter. Genom reflektion, samtal och konkreta exempel får du nya perspektiv på hur vi som scouter kan bidra till trygghet, tillit och förändring på lokal nivå som i längden bygger fred globalt.',
        NULL,
        '2026-07-30 13:15:00',
        '2026-07-30 14:00:00',
        NULL,
        'eadcb315-41e0-546c-b3a5-6b28bfb6c18c',
        NULL
    ),
    (
        '6ea2063b-d301-5d16-975c-9c7f2f176408',
        'På Spåret: Internationell scouting edition!',
        'On a rail: International scout edition',
        '',
        '',
        NULL,
        '2026-07-30 18:00:00',
        '2026-07-30 19:00:00',
        NULL,
        'eadcb315-41e0-546c-b3a5-6b28bfb6c18c',
        '2026-07-01 00:00:00'
    ),
    (
        '8cac8501-366f-5eee-aa6f-5fc63a9a7193',
        'Karaoke',
        'Karaoke night',
        '',
        '',
        NULL,
        '2026-07-30 19:00:00',
        '2026-07-30 21:00:00',
        NULL,
        'eadcb315-41e0-546c-b3a5-6b28bfb6c18c',
        '2026-07-01 00:00:00'
    ),
    (
        '412c2b5e-f6dc-5d65-a818-d3a96117c17b',
        'Från Frankrike till Korea - på cykel!',
        'From France to Korea - on a bike!',
        '2023 var det världsjamboree i Sydkorea, och tre franska scouter bestämde sig för att ta ekologiskt - på cykel 15 000 km! Nu är de här på Jamboree26 och visar sin film om upplevelsen.',
        'The World Scout Jamboree took place in South Korea in 2023, and three French scouts decided to travel in an eco-friendly way — by biking 15,000 km! Now they are here at Jamboree26, showing their film about the experience.',
        NULL,
        '2026-07-30 22:00:00',
        '2026-07-30 23:00:00',
        NULL,
        'eadcb315-41e0-546c-b3a5-6b28bfb6c18c',
        '2026-07-01 00:00:00'
    ),
    (
        'dc2e47e1-fea3-530a-84eb-5fc7d262767b',
        'Tänk Till',
        'Think Twice',
        'Idag blir det klurigheter och problemlösning! Det blir bollhav, språkförvirring och knäppa tankevurpor, tillsammans med en patrull. Se dessutom till att kamma till dig lite extra och ta fram ditt bäste leende till avslutningsstationen. Säg Apelsin! Idag är det fasta starttider som gäller, Kom i Tid!',
        'Today it''s all about puzzles and problem solving! There''ll be a lot of balls, language confusion and weird thinking, along with a patrol. Also, make sure to dress up a little extra and bring your best smile to the finishing station. Say cheese! Today the starting times are fixed, be on Time!',
        NULL,
        '2026-07-30 08:30:00',
        '2026-07-30 10:30:00',
        NULL,
        'ebb7da6c-244f-59f4-8165-898dd0f1b636',
        '2026-07-01 00:00:00'
    ),
    (
        'f094215c-5ef9-5b56-9750-7b111e25a829',
        'Tänk Till',
        'Think Twice',
        'Idag blir det klurigheter och problemlösning! Det blir bollhav, språkförvirring och knäppa tankevurpor, tillsammans med en patrull. Se dessutom till att kamma till dig lite extra och ta fram ditt bäste leende till avslutningsstationen. Säg Apelsin! Idag är det fasta starttider som gäller, Kom i Tid!',
        'Today it''s all about puzzles and problem solving! There''ll be a lot of balls, language confusion and weird thinking, along with a patrol. Also, make sure to dress up a little extra and bring your best smile to the finishing station. Say cheese! Today the starting times are fixed, be on Time!',
        NULL,
        '2026-07-30 10:30:00',
        '2026-07-30 12:30:00',
        NULL,
        'ebb7da6c-244f-59f4-8165-898dd0f1b636',
        NULL
    ),
    (
        '334d85ed-df16-5008-ab29-ca9dbb8d8ff6',
        'Tänk Till',
        'Think Twice',
        'Idag blir det klurigheter och problemlösning! Det blir bollhav, språkförvirring och knäppa tankevurpor, tillsammans med en patrull. Se dessutom till att kamma till dig lite extra och ta fram ditt bäste leende till avslutningsstationen. Säg Apelsin! Idag är det fasta starttider som gäller, Kom i Tid!',
        'Today it''s all about puzzles and problem solving! There''ll be a lot of balls, language confusion and weird thinking, along with a patrol. Also, make sure to dress up a little extra and bring your best smile to the finishing station. Say cheese! Today the starting times are fixed, be on Time!',
        NULL,
        '2026-07-30 14:00:00',
        '2026-07-30 16:00:00',
        NULL,
        'ebb7da6c-244f-59f4-8165-898dd0f1b636',
        '2026-07-01 00:00:00'
    ),
    (
        '622589b9-9fcc-52ca-b040-cb4d7040bbf9',
        'Tänk Till',
        'Think Twice',
        'Idag blir det klurigheter och problemlösning! Det blir bollhav, språkförvirring och knäppa tankevurpor, tillsammans med en patrull. Se dessutom till att kamma till dig lite extra och ta fram ditt bäste leende till avslutningsstationen. Säg Apelsin! Idag är det fasta starttider som gäller, Kom i Tid!',
        'Today it''s all about puzzles and problem solving! There''ll be a lot of balls, language confusion and weird thinking, along with a patrol. Also, make sure to dress up a little extra and bring your best smile to the finishing station. Say cheese! Today the starting times are fixed, be on Time!',
        NULL,
        '2026-07-30 16:00:00',
        '2026-07-30 18:00:00',
        NULL,
        'ebb7da6c-244f-59f4-8165-898dd0f1b636',
        '2026-07-01 00:00:00'
    ),
    (
        'c95183ae-acc1-5ccb-8e68-f934c65cd991',
        'Sagostund',
        'Storytime',
        'Inspirerande sagostund öppet för alla',
        'Inspiring story time open to everyone',
        NULL,
        '2026-07-30 08:00:00',
        '2026-07-30 09:00:00',
        NULL,
        'db93cd52-18a4-58c9-ac68-d7c32fe390aa',
        '2026-07-01 00:00:00'
    ),
    (
        '6e4327ee-465a-5f57-a90f-5f76b2fb1404',
        'Kvällsbön',
        'Evening prayer',
        '',
        '',
        NULL,
        '2026-07-30 21:30:00',
        '2026-07-30 22:00:00',
        NULL,
        'db93cd52-18a4-58c9-ac68-d7c32fe390aa',
        '2026-07-01 00:00:00'
    ),
    (
        'd527706a-43de-5b01-8a48-7a2f819268f5',
        'Meningen med mig',
        'The meaning of me',
        '',
        '',
        40,
        '2026-07-30 09:00:00',
        '2026-07-30 12:00:00',
        NULL,
        'db93cd52-18a4-58c9-ac68-d7c32fe390aa',
        NULL
    ),
    (
        '2b21ad81-9fec-5838-ae82-7ea271f22d5a',
        'Meningen med mig',
        'The meaning of me',
        '',
        '',
        40,
        '2026-07-30 14:00:00',
        '2026-07-30 17:00:00',
        NULL,
        'db93cd52-18a4-58c9-ac68-d7c32fe390aa',
        '2026-07-01 00:00:00'
    ),
    (
        '612fb54e-a192-5dc0-97f7-81ab2bd663c3',
        'Nattvard',
        'Communion',
        '',
        '',
        NULL,
        '2026-07-30 20:00:00',
        '2026-07-30 21:30:00',
        NULL,
        'db93cd52-18a4-58c9-ac68-d7c32fe390aa',
        '2026-07-01 00:00:00'
    ),
    (
        'e424cff2-00d1-5e23-8ac4-16fbfedea28e',
        '30/7 – Julafton 🎄',
        '30/7 – Christmas Eve 🎄',
        'Har du också tyckt att det är alldeles för långt till jul? Då har vi löst problemet! Idag firar vi julafton mitt i sommaren med julkänsla, klassiska smaker och massor av gemenskap. Har du en tomteluva, en jultröja eller något rött och grönt? Ta gärna på dig det – ju mer julstämning, desto bättre! Snö kan vi inte lova, men dagens Limited Edition vill du inte missa!',
        'Ever felt like Christmas is just too far away? We''ve solved that problem! Today we''re celebrating Christmas Eve in the middle of summer with festive cheer, classic flavours, and plenty of togetherness. Got a Santa hat, a Christmas sweater, or something red and green? Wear it – the more Christmas spirit, the better! We can''t promise snow, but you definitely won''t want to miss today''s Limited Edition!',
        NULL,
        '2026-07-30 10:00:00',
        '2026-07-30 20:00:00',
        NULL,
        '3cc164ae-2a31-55a9-8a3e-73935189dcf0',
        '2026-07-01 00:00:00'
    ),
    (
        '68f6ba67-24f0-5c94-8384-99996852c29c',
        'The HERDS',
        'The HERDS',
        'THE HERDS är ett banbrytande offentligt konstprojekt som låter djurnaturtrogna dockor i naturlig storlek ge sig ut på en episk resa från Kongobäckenet till Norra polcirkeln och låter publiken komma nära klimatkrisens verklighet. Projektet har skapats av The Walk Productions, teamet bakom Little Amal. THE HERDS har rest genom städer och landskap världen över och samlat konstnärer, unga människor och lokalsamhällen för att tillsammans föreställa sig en bättre framtid för vår planet. På Jamboree26 bjuds du in att bli en del av berättelsen. Tillsammans med THE HERDS-teamet får du skapa din egen flyttfågeldocka och upptäcka de fantastiska resor som fåglar gör genom länder, klimat och livsmiljöer. Genom dockteater, rörelse och berättande får du lära dig hur fåglar varje år färdas tusentals kilometer och vilka utmaningar de möter längs vägen. Tillsammans kommer deltagarna att skapa flockar av fåglar som växer under veckan och som så småningom kommer att vandra genom jamboreeområdet för att möta THE HERDS gorilla, som har rest hela vägen från Kinshasa i Kongobäckenet. Denna roliga och praktiska workshop kombinerar kreativitet, klimatmedvetenhet och gemensamt engagemang. Den ger unga människor möjlighet att bli en del av ett storskaligt konstnärligt projekt och bidra till en minnesvärd avslutande samling på Jamboree26. Inga förkunskaper behövs – bara fantasi, nyfikenhet och en vilja att följa med på flytten. OBS! Workshopen är på engelska.',
        'THE HERDS is a groundbreaking public art project bringing life-sized animal puppets on an epic journey from the Congo Basin to the Arctic Circle, bringing audiences face to face with the climate crisis. Created by The Walk Productions, the team behind Little Amal, THE HERDS has travelled through cities and landscapes around the world, bringing together artists, young people and communities to imagine a better future for our planet. At Jamboree26, you are invited to become part of the story. Join THE HERDS team to create your own migratory bird puppet and discover the incredible journeys birds make across countries, climates and habitats. Through puppetry, movement and storytelling, you’ll learn how birds travel thousands of miles each year and the challenges they face along the way. Together, participants will create flocks of birds that will grow throughout the week, eventually journeying across the Jamboree site to meet THE HERDS Gorilla, who has travelled all the way from Kinshasa in the Congo Basin. This fun, hands-on workshop combines creativity, climate awareness and collective action, giving young people the chance to become part of a large-scale artistic event and help create a memorable final gathering at Jamboree26. No previous experience is needed - just imagination, curiosity and a willingness to join the migration.',
        45,
        '2026-07-30 09:00:00',
        '2026-07-30 10:00:00',
        NULL,
        'b19300df-eec0-5b74-a2eb-772d1950ee26',
        '2026-07-01 00:00:00'
    ),
    (
        '676d645a-e77b-5c21-b5ef-0081eedc0a6d',
        'The HERDS',
        'The HERDS',
        'THE HERDS är ett banbrytande offentligt konstprojekt som låter djurnaturtrogna dockor i naturlig storlek ge sig ut på en episk resa från Kongobäckenet till Norra polcirkeln och låter publiken komma nära klimatkrisens verklighet. Projektet har skapats av The Walk Productions, teamet bakom Little Amal. THE HERDS har rest genom städer och landskap världen över och samlat konstnärer, unga människor och lokalsamhällen för att tillsammans föreställa sig en bättre framtid för vår planet. På Jamboree26 bjuds du in att bli en del av berättelsen. Tillsammans med THE HERDS-teamet får du skapa din egen flyttfågeldocka och upptäcka de fantastiska resor som fåglar gör genom länder, klimat och livsmiljöer. Genom dockteater, rörelse och berättande får du lära dig hur fåglar varje år färdas tusentals kilometer och vilka utmaningar de möter längs vägen. Tillsammans kommer deltagarna att skapa flockar av fåglar som växer under veckan och som så småningom kommer att vandra genom jamboreeområdet för att möta THE HERDS gorilla, som har rest hela vägen från Kinshasa i Kongobäckenet. Denna roliga och praktiska workshop kombinerar kreativitet, klimatmedvetenhet och gemensamt engagemang. Den ger unga människor möjlighet att bli en del av ett storskaligt konstnärligt projekt och bidra till en minnesvärd avslutande samling på Jamboree26. Inga förkunskaper behövs – bara fantasi, nyfikenhet och en vilja att följa med på flytten. OBS! Workshopen är på engelska.',
        'THE HERDS is a groundbreaking public art project bringing life-sized animal puppets on an epic journey from the Congo Basin to the Arctic Circle, bringing audiences face to face with the climate crisis. Created by The Walk Productions, the team behind Little Amal, THE HERDS has travelled through cities and landscapes around the world, bringing together artists, young people and communities to imagine a better future for our planet. At Jamboree26, you are invited to become part of the story. Join THE HERDS team to create your own migratory bird puppet and discover the incredible journeys birds make across countries, climates and habitats. Through puppetry, movement and storytelling, you’ll learn how birds travel thousands of miles each year and the challenges they face along the way. Together, participants will create flocks of birds that will grow throughout the week, eventually journeying across the Jamboree site to meet THE HERDS Gorilla, who has travelled all the way from Kinshasa in the Congo Basin. This fun, hands-on workshop combines creativity, climate awareness and collective action, giving young people the chance to become part of a large-scale artistic event and help create a memorable final gathering at Jamboree26. No previous experience is needed - just imagination, curiosity and a willingness to join the migration.',
        45,
        '2026-07-30 11:00:00',
        '2026-07-30 12:00:00',
        NULL,
        'b19300df-eec0-5b74-a2eb-772d1950ee26',
        NULL
    ),
    (
        'c7a25147-3684-56f2-bdad-81bca271f881',
        'The HERDS',
        'The HERDS',
        'THE HERDS är ett banbrytande offentligt konstprojekt som låter djurnaturtrogna dockor i naturlig storlek ge sig ut på en episk resa från Kongobäckenet till Norra polcirkeln och låter publiken komma nära klimatkrisens verklighet. Projektet har skapats av The Walk Productions, teamet bakom Little Amal. THE HERDS har rest genom städer och landskap världen över och samlat konstnärer, unga människor och lokalsamhällen för att tillsammans föreställa sig en bättre framtid för vår planet. På Jamboree26 bjuds du in att bli en del av berättelsen. Tillsammans med THE HERDS-teamet får du skapa din egen flyttfågeldocka och upptäcka de fantastiska resor som fåglar gör genom länder, klimat och livsmiljöer. Genom dockteater, rörelse och berättande får du lära dig hur fåglar varje år färdas tusentals kilometer och vilka utmaningar de möter längs vägen. Tillsammans kommer deltagarna att skapa flockar av fåglar som växer under veckan och som så småningom kommer att vandra genom jamboreeområdet för att möta THE HERDS gorilla, som har rest hela vägen från Kinshasa i Kongobäckenet. Denna roliga och praktiska workshop kombinerar kreativitet, klimatmedvetenhet och gemensamt engagemang. Den ger unga människor möjlighet att bli en del av ett storskaligt konstnärligt projekt och bidra till en minnesvärd avslutande samling på Jamboree26. Inga förkunskaper behövs – bara fantasi, nyfikenhet och en vilja att följa med på flytten. OBS! Workshopen är på engelska.',
        'THE HERDS is a groundbreaking public art project bringing life-sized animal puppets on an epic journey from the Congo Basin to the Arctic Circle, bringing audiences face to face with the climate crisis. Created by The Walk Productions, the team behind Little Amal, THE HERDS has travelled through cities and landscapes around the world, bringing together artists, young people and communities to imagine a better future for our planet. At Jamboree26, you are invited to become part of the story. Join THE HERDS team to create your own migratory bird puppet and discover the incredible journeys birds make across countries, climates and habitats. Through puppetry, movement and storytelling, you’ll learn how birds travel thousands of miles each year and the challenges they face along the way. Together, participants will create flocks of birds that will grow throughout the week, eventually journeying across the Jamboree site to meet THE HERDS Gorilla, who has travelled all the way from Kinshasa in the Congo Basin. This fun, hands-on workshop combines creativity, climate awareness and collective action, giving young people the chance to become part of a large-scale artistic event and help create a memorable final gathering at Jamboree26. No previous experience is needed - just imagination, curiosity and a willingness to join the migration.',
        45,
        '2026-07-30 14:00:00',
        '2026-07-30 15:00:00',
        NULL,
        'b19300df-eec0-5b74-a2eb-772d1950ee26',
        '2026-07-01 00:00:00'
    ),
    (
        'adca7be8-03cb-5e68-8fac-288b5599278e',
        'The HERDS',
        'The HERDS',
        'THE HERDS är ett banbrytande offentligt konstprojekt som låter djurnaturtrogna dockor i naturlig storlek ge sig ut på en episk resa från Kongobäckenet till Norra polcirkeln och låter publiken komma nära klimatkrisens verklighet. Projektet har skapats av The Walk Productions, teamet bakom Little Amal. THE HERDS har rest genom städer och landskap världen över och samlat konstnärer, unga människor och lokalsamhällen för att tillsammans föreställa sig en bättre framtid för vår planet. På Jamboree26 bjuds du in att bli en del av berättelsen. Tillsammans med THE HERDS-teamet får du skapa din egen flyttfågeldocka och upptäcka de fantastiska resor som fåglar gör genom länder, klimat och livsmiljöer. Genom dockteater, rörelse och berättande får du lära dig hur fåglar varje år färdas tusentals kilometer och vilka utmaningar de möter längs vägen. Tillsammans kommer deltagarna att skapa flockar av fåglar som växer under veckan och som så småningom kommer att vandra genom jamboreeområdet för att möta THE HERDS gorilla, som har rest hela vägen från Kinshasa i Kongobäckenet. Denna roliga och praktiska workshop kombinerar kreativitet, klimatmedvetenhet och gemensamt engagemang. Den ger unga människor möjlighet att bli en del av ett storskaligt konstnärligt projekt och bidra till en minnesvärd avslutande samling på Jamboree26. Inga förkunskaper behövs – bara fantasi, nyfikenhet och en vilja att följa med på flytten. OBS! Workshopen är på engelska.',
        'THE HERDS is a groundbreaking public art project bringing life-sized animal puppets on an epic journey from the Congo Basin to the Arctic Circle, bringing audiences face to face with the climate crisis. Created by The Walk Productions, the team behind Little Amal, THE HERDS has travelled through cities and landscapes around the world, bringing together artists, young people and communities to imagine a better future for our planet. At Jamboree26, you are invited to become part of the story. Join THE HERDS team to create your own migratory bird puppet and discover the incredible journeys birds make across countries, climates and habitats. Through puppetry, movement and storytelling, you’ll learn how birds travel thousands of miles each year and the challenges they face along the way. Together, participants will create flocks of birds that will grow throughout the week, eventually journeying across the Jamboree site to meet THE HERDS Gorilla, who has travelled all the way from Kinshasa in the Congo Basin. This fun, hands-on workshop combines creativity, climate awareness and collective action, giving young people the chance to become part of a large-scale artistic event and help create a memorable final gathering at Jamboree26. No previous experience is needed - just imagination, curiosity and a willingness to join the migration.',
        45,
        '2026-07-30 16:00:00',
        '2026-07-30 17:00:00',
        NULL,
        'b19300df-eec0-5b74-a2eb-772d1950ee26',
        '2026-07-01 00:00:00'
    ),
    (
        '166dfba6-7cdf-5ae4-8a27-755d8617fee2',
        'Kubbturnering Deltävling 1',
        '"Kubb" Tournament Heat 1',
        'Turnering i Kubb mellan upptäckarpatruller på hubben.',
        'Tournament in the swedish game of Kubb between scout patrols aged 10-11 years old.',
        1500,
        '2026-07-30 09:00:00',
        '2026-07-30 12:00:00',
        NULL,
        'adf125a7-5bf4-5b81-9c9f-bedfce4c0a65',
        '2026-07-01 00:00:00'
    ),
    (
        '559b3071-76a4-58af-ab71-a6a26ac68f33',
        'Dagens lek',
        'Dagens lek',
        'Starttider för lekarna kommer finnas på anslagstavlan i hubben',
        'Starttider för lekarna kommer finnas på anslagstavlan i hubben',
        NULL,
        '2026-07-30 09:00:00',
        '2026-07-30 17:00:00',
        NULL,
        'adf125a7-5bf4-5b81-9c9f-bedfce4c0a65',
        '2026-07-01 00:00:00'
    ),
    (
        'ab9f3402-0a49-5b62-aa5f-c4a7e999280a',
        'Fotbollstunering Scouter vs. Ledare',
        'Fotbollstunering Scouter vs. Ledare',
        'Lägrets kanske största evenemang. Det ska äntligen avgöras vem som är bäst på fottboll: upptäckarscouterna eller deras ledare? Så ta med dina vänner och dina ledare och gör er redo på en kaosartad tävling. Må det bästa laget vinna',
        'Lägrets kanske största evenemang. Det ska äntligen avgöras vem som är bäst på fottboll: upptäckarscouterna eller deras ledare? Så ta med dina vänner och dina ledare och gör er redo på en kaosartad tävling. Må det bästa laget vinna',
        NULL,
        '2026-07-30 10:00:00',
        '2026-07-30 11:00:00',
        NULL,
        'adf125a7-5bf4-5b81-9c9f-bedfce4c0a65',
        NULL
    ),
    (
        '3680858d-b5f5-5e65-b13f-32de1be4ca3a',
        'Fotbollstunering Scouter vs. Ledare',
        'Fotbollstunering Scouter vs. Ledare',
        'Lägrets kanske största evenemang. Det ska äntligen avgöras vem som är bäst på fottboll: upptäckarscouterna eller deras ledare? Så ta med dina vänner och dina ledare och gör er redo på en kaosartad tävling. Må det bästa laget vinna',
        'Lägrets kanske största evenemang. Det ska äntligen avgöras vem som är bäst på fottboll: upptäckarscouterna eller deras ledare? Så ta med dina vänner och dina ledare och gör er redo på en kaosartad tävling. Må det bästa laget vinna',
        NULL,
        '2026-07-30 15:00:00',
        '2026-07-30 16:00:00',
        NULL,
        'adf125a7-5bf4-5b81-9c9f-bedfce4c0a65',
        '2026-07-01 00:00:00'
    ),
    (
        '67672c4c-9045-5d48-9b85-2ffa9b1038b1',
        'Pyjamasparty med talangshow',
        'Pyjamasparty med talangshow',
        'Lägret börjar röra sig mot sitt slut och vi vill fira med ett pyjamasparty! Under kvällen finns möjlighet att framföra en uppvisning på scen (ex sång, pjäs, trolleritrick, läsa poesi m.m). För att uppträda på scen krävs föranmälan av uppträdandet. Det kan göras vid infodisken i upptäckarhubben',
        'Lägret börjar röra sig mot sitt slut och vi vill fira med ett pyjamasparty! Under kvällen finns möjlighet att framföra en uppvisning på scen (ex sång, pjäs, trolleritrick, läsa poesi m.m). För att uppträda på scen krävs föranmälan av uppträdandet. Det kan göras vid infodisken i upptäckarhubben',
        NULL,
        '2026-07-30 19:00:00',
        '2026-07-30 21:00:00',
        NULL,
        'adf125a7-5bf4-5b81-9c9f-bedfce4c0a65',
        '2026-07-01 00:00:00'
    ),
    (
        'bc750540-bfb8-51e9-b775-cd44556f9b51',
        'Lekaktiviteter',
        'Lekaktiviteter',
        'Hämta fotboll, rockring, hopprep, gagaboll boll m.m och spela med patrullkompisar eller nya vänner',
        'Hämta fotboll, rockring, hopprep, gagaboll boll m.m och spela med patrullkompisar eller nya vänner',
        NULL,
        '2026-07-30 09:00:00',
        '2026-07-30 21:00:00',
        NULL,
        'adf125a7-5bf4-5b81-9c9f-bedfce4c0a65',
        '2026-07-01 00:00:00'
    ),
    (
        'ef7dd134-f00c-5de5-9e0a-af5d5a5046c4',
        'Bubbelballs',
        'Bubbelballs',
        'Studsa runt i stora uppblåsbara bollar!',
        'Jump around in big inflatable balls!',
        NULL,
        '2026-07-30 09:00:00',
        '2026-07-30 21:00:00',
        NULL,
        'adf125a7-5bf4-5b81-9c9f-bedfce4c0a65',
        '2026-07-01 00:00:00'
    ),
    (
        'aa88395b-2f90-5410-96cb-322ff85d63dc',
        'Godnattsaga',
        'Godnattsaga',
        'Avsluta dagen med en mysig godnattsaga i upptäckarhubben',
        'Avsluta dagen med en mysig godnattsaga i upptäckarhubben',
        NULL,
        '2026-07-30 20:30:00',
        '2026-07-30 21:30:00',
        NULL,
        'b70eb2f8-96dc-5ecb-b551-c28f1fb1ffb0',
        NULL
    ),
    (
        '12c6fd16-9b78-59f8-a2e1-f0ed8d0aeb56',
        'Kåsan',
        'Kåsan',
        '',
        '',
        NULL,
        '2026-07-30 09:00:00',
        '2026-07-30 21:00:00',
        NULL,
        '0f29d7b2-b1e9-5371-8dd6-8e967c002208',
        '2026-07-01 00:00:00'
    ),
    (
        'd9c943cd-395c-505d-9f89-65d47a0333c5',
        'Känslokartan',
        'Känslokartan',
        '',
        '',
        NULL,
        '2026-07-30 09:00:00',
        '2026-07-30 21:00:00',
        NULL,
        '1a4f6eda-8d95-5fc9-8f3d-b663ecf6b4d3',
        '2026-07-01 00:00:00'
    ),
    (
        '5c917534-d54b-5837-ae81-b654d1f01b64',
        'Brädspel',
        'Brädspel',
        'Brädspel',
        'Boardgames',
        NULL,
        '2026-07-30 09:00:00',
        '2026-07-30 21:00:00',
        NULL,
        '1a4f6eda-8d95-5fc9-8f3d-b663ecf6b4d3',
        '2026-07-01 00:00:00'
    ),
    (
        '99182452-c33e-5e68-b734-587562646d7e',
        'Cybersäkerhet med Unga forskare',
        'Cybersäkerhet med Unga forskare',
        '',
        '',
        NULL,
        '2026-07-30 09:00:00',
        '2026-07-30 21:00:00',
        NULL,
        '1a4f6eda-8d95-5fc9-8f3d-b663ecf6b4d3',
        '2026-07-01 00:00:00'
    ),
    (
        'b93325a4-6e22-5fab-b75b-e8b89a9b75f6',
        'Hantverk fokus: Pärldjur',
        'Hantverk fokus: Pärldjur',
        '',
        '',
        NULL,
        '2026-07-30 09:00:00',
        '2026-07-30 21:00:00',
        NULL,
        '814b68b7-cae2-52f0-8a6d-9d13797bdabf',
        NULL
    ),
    (
        '6e717191-08a7-5cba-9ae1-b0032d0e6b24',
        'The HERDS',
        'The HERDS',
        'THE HERDS är ett banbrytande offentligt konstprojekt som låter djurnaturtrogna dockor i naturlig storlek ge sig ut på en episk resa från Kongobäckenet till Norra polcirkeln och låter publiken komma nära klimatkrisens verklighet. Projektet har skapats av The Walk Productions, teamet bakom Little Amal. THE HERDS har rest genom städer och landskap världen över och samlat konstnärer, unga människor och lokalsamhällen för att tillsammans föreställa sig en bättre framtid för vår planet. På Jamboree26 bjuds du in att bli en del av berättelsen. Tillsammans med THE HERDS-teamet får du skapa din egen flyttfågeldocka och upptäcka de fantastiska resor som fåglar gör genom länder, klimat och livsmiljöer. Genom dockteater, rörelse och berättande får du lära dig hur fåglar varje år färdas tusentals kilometer och vilka utmaningar de möter längs vägen. Tillsammans kommer deltagarna att skapa flockar av fåglar som växer under veckan och som så småningom kommer att vandra genom jamboreeområdet för att möta THE HERDS gorilla, som har rest hela vägen från Kinshasa i Kongobäckenet. Denna roliga och praktiska workshop kombinerar kreativitet, klimatmedvetenhet och gemensamt engagemang. Den ger unga människor möjlighet att bli en del av ett storskaligt konstnärligt projekt och bidra till en minnesvärd avslutande samling på Jamboree26. Inga förkunskaper behövs – bara fantasi, nyfikenhet och en vilja att följa med på flytten. OBS! Workshopen är på engelska.',
        'THE HERDS is a groundbreaking public art project bringing life-sized animal puppets on an epic journey from the Congo Basin to the Arctic Circle, bringing audiences face to face with the climate crisis. Created by The Walk Productions, the team behind Little Amal, THE HERDS has travelled through cities and landscapes around the world, bringing together artists, young people and communities to imagine a better future for our planet. At Jamboree26, you are invited to become part of the story. Join THE HERDS team to create your own migratory bird puppet and discover the incredible journeys birds make across countries, climates and habitats. Through puppetry, movement and storytelling, you’ll learn how birds travel thousands of miles each year and the challenges they face along the way. Together, participants will create flocks of birds that will grow throughout the week, eventually journeying across the Jamboree site to meet THE HERDS Gorilla, who has travelled all the way from Kinshasa in the Congo Basin. This fun, hands-on workshop combines creativity, climate awareness and collective action, giving young people the chance to become part of a large-scale artistic event and help create a memorable final gathering at Jamboree26. No previous experience is needed - just imagination, curiosity and a willingness to join the migration.',
        45,
        '2026-07-30 14:00:00',
        '2026-07-30 15:00:00',
        NULL,
        '814b68b7-cae2-52f0-8a6d-9d13797bdabf',
        '2026-07-01 00:00:00'
    ),
    (
        'ef47c6f3-c408-5dc8-9042-048ea1309885',
        'The HERDS',
        'The HERDS',
        'THE HERDS är ett banbrytande offentligt konstprojekt som låter djurnaturtrogna dockor i naturlig storlek ge sig ut på en episk resa från Kongobäckenet till Norra polcirkeln och låter publiken komma nära klimatkrisens verklighet. Projektet har skapats av The Walk Productions, teamet bakom Little Amal. THE HERDS har rest genom städer och landskap världen över och samlat konstnärer, unga människor och lokalsamhällen för att tillsammans föreställa sig en bättre framtid för vår planet. På Jamboree26 bjuds du in att bli en del av berättelsen. Tillsammans med THE HERDS-teamet får du skapa din egen flyttfågeldocka och upptäcka de fantastiska resor som fåglar gör genom länder, klimat och livsmiljöer. Genom dockteater, rörelse och berättande får du lära dig hur fåglar varje år färdas tusentals kilometer och vilka utmaningar de möter längs vägen. Tillsammans kommer deltagarna att skapa flockar av fåglar som växer under veckan och som så småningom kommer att vandra genom jamboreeområdet för att möta THE HERDS gorilla, som har rest hela vägen från Kinshasa i Kongobäckenet. Denna roliga och praktiska workshop kombinerar kreativitet, klimatmedvetenhet och gemensamt engagemang. Den ger unga människor möjlighet att bli en del av ett storskaligt konstnärligt projekt och bidra till en minnesvärd avslutande samling på Jamboree26. Inga förkunskaper behövs – bara fantasi, nyfikenhet och en vilja att följa med på flytten. OBS! Workshopen är på engelska.',
        'THE HERDS is a groundbreaking public art project bringing life-sized animal puppets on an epic journey from the Congo Basin to the Arctic Circle, bringing audiences face to face with the climate crisis. Created by The Walk Productions, the team behind Little Amal, THE HERDS has travelled through cities and landscapes around the world, bringing together artists, young people and communities to imagine a better future for our planet. At Jamboree26, you are invited to become part of the story. Join THE HERDS team to create your own migratory bird puppet and discover the incredible journeys birds make across countries, climates and habitats. Through puppetry, movement and storytelling, you’ll learn how birds travel thousands of miles each year and the challenges they face along the way. Together, participants will create flocks of birds that will grow throughout the week, eventually journeying across the Jamboree site to meet THE HERDS Gorilla, who has travelled all the way from Kinshasa in the Congo Basin. This fun, hands-on workshop combines creativity, climate awareness and collective action, giving young people the chance to become part of a large-scale artistic event and help create a memorable final gathering at Jamboree26. No previous experience is needed - just imagination, curiosity and a willingness to join the migration.',
        45,
        '2026-07-30 11:00:00',
        '2026-07-30 12:00:00',
        NULL,
        '814b68b7-cae2-52f0-8a6d-9d13797bdabf',
        '2026-07-01 00:00:00'
    ),
    (
        'd9d22c58-034e-5412-b8a1-e8cccd4548f4',
        'Knoprep',
        'Knoprep',
        'Knoprep och instruktion finns för att lära sig en ny knop',
        'Learn a new knot, there is rope and intructions',
        NULL,
        '2026-07-30 09:00:00',
        '2026-07-30 21:00:00',
        NULL,
        '814b68b7-cae2-52f0-8a6d-9d13797bdabf',
        '2026-07-01 00:00:00'
    ),
    (
        '27b97594-1254-59e9-b12c-64f108bef1ee',
        'Tillsammans målning',
        'Tillsammans målning',
        'Hjälp till att skapa en målning tillsammans. Rita något på tavlan som betyder jamboree för dig.',
        'Help creating a picture together. Draw something that means jamboree to you.',
        NULL,
        '2026-07-30 09:00:00',
        '2026-07-30 21:00:00',
        NULL,
        '814b68b7-cae2-52f0-8a6d-9d13797bdabf',
        '2026-07-01 00:00:00'
    ),
    (
        '48a0110c-7d2a-520f-9a21-324131dff26b',
        'Halmpool',
        'Halmpool',
        'Hoppa ner i halmen, kan du hitta nålen i halmstacken?',
        'Jump in the haystack. Can you find the needle in the hay?',
        NULL,
        '2026-07-30 09:00:00',
        '2026-07-30 21:00:00',
        NULL,
        'c5a754b1-5317-5ee3-a031-49caf710672e',
        NULL
    ),
    (
        '792f0166-12f7-5bd8-87f7-ea87887712c2',
        'Slankaruseller',
        'Slankaruseller',
        'Åk på en karusell byggd av slanor.',
        'Ride a carousel made of wood.',
        NULL,
        '2026-07-30 09:00:00',
        '2026-07-30 21:00:00',
        NULL,
        'c5a754b1-5317-5ee3-a031-49caf710672e',
        '2026-07-01 00:00:00'
    ),
    (
        '22ca920e-e797-507e-9d46-f947b1665fd5',
        'Bris',
        'Bris',
        'Pyssel och aktiviteter',
        'Arts and Crafts',
        NULL,
        '2026-07-30 09:00:00',
        '2026-07-30 12:00:00',
        NULL,
        'e5af716c-8a6f-56dc-9cfc-287150d616f4',
        '2026-07-01 00:00:00'
    ),
    (
        'b64b42bd-0008-53c5-ac1b-6a1789fd0f4d',
        'Fladdermussafari',
        'Bat-safari',
        '',
        '',
        30,
        '2026-07-30 21:00:00',
        '2026-07-30 23:00:00',
        NULL,
        '28096a60-107b-5452-9898-b3609640ffb9',
        '2026-07-01 00:00:00'
    ),
    (
        '5c1f2d3f-4e11-5563-9a62-dfcb0e5812a7',
        'Tim Bergling Foundation',
        'Tim Bergling Foundation',
        'Tanken med välmåendearenan är att ge ledare konkreta verktyg som enkelt kan användas före, under eller efter mötet – för att skapa en tryggare miljö där både kropp och själ får utrymme. 

Genom korta övningar kopplade till välmående kan barn och unga reflektera, bygga självkänsla och utveckla sin förmåga att prata om hur de mår. Välmåendearenan riktar sig också till föräldrar, som får möjlighet att bli en del av arbetet med att stärka ungas välbefinnande. Materialet har övningar som är anpassade för 8-13 år samt för 14 år och uppåt.',
        'Tanken med välmåendearenan är att ge ledare konkreta verktyg som enkelt kan användas före, under eller efter mötet – för att skapa en tryggare miljö där både kropp och själ får utrymme. 

Genom korta övningar kopplade till välmående kan barn och unga reflektera, bygga självkänsla och utveckla sin förmåga att prata om hur de mår. Välmåendearenan riktar sig också till föräldrar, som får möjlighet att bli en del av arbetet med att stärka ungas välbefinnande. Materialet har övningar som är anpassade för 8-13 år samt för 14 år och uppåt.',
        NULL,
        '2026-07-30 09:00:00',
        '2026-07-30 12:00:00',
        NULL,
        '3ef6ac67-e626-5420-a7a0-23e589b76940',
        '2026-07-01 00:00:00'
    ),
    (
        '946e9644-2b60-5546-95f2-fbf87dd7abe5',
        'Upptäck dina värderingar',
        'Upptäck dina värderingar',
        'Ett reflekterande och interaktivt pass där du får utforska vad värderingar är, hur de formas och hur de påverkar våra val, relationer och beslut. Genom ett praktiskt verktyg och gemensamma övningar får du syn på dina egna värderingar och nya perspektiv på hur vi möter och samarbetar med andra.',
        'Ett reflekterande och interaktivt pass där du får utforska vad värderingar är, hur de formas och hur de påverkar våra val, relationer och beslut. Genom ett praktiskt verktyg och gemensamma övningar får du syn på dina egna värderingar och nya perspektiv på hur vi möter och samarbetar med andra.',
        NULL,
        '2026-07-30 09:15:00',
        '2026-07-30 10:00:00',
        NULL,
        '3ef6ac67-e626-5420-a7a0-23e589b76940',
        NULL
    ),
    (
        '17965407-ce84-5770-8ace-166f630e29b7',
        'Upptäck dina värderingar',
        'Upptäck dina värderingar',
        'Ett reflekterande och interaktivt pass där du får utforska vad värderingar är, hur de formas och hur de påverkar våra val, relationer och beslut. Genom ett praktiskt verktyg och gemensamma övningar får du syn på dina egna värderingar och nya perspektiv på hur vi möter och samarbetar med andra.',
        'Ett reflekterande och interaktivt pass där du får utforska vad värderingar är, hur de formas och hur de påverkar våra val, relationer och beslut. Genom ett praktiskt verktyg och gemensamma övningar får du syn på dina egna värderingar och nya perspektiv på hur vi möter och samarbetar med andra.',
        NULL,
        '2026-07-30 13:15:00',
        '2026-07-30 14:00:00',
        NULL,
        '3ef6ac67-e626-5420-a7a0-23e589b76940',
        '2026-07-01 00:00:00'
    ),
    (
        'c69e0ddf-996e-511b-ad7e-ec63fa23a452',
        'Tim Bergling Foundation',
        'Tim Bergling Foundation',
        'Tanken med välmåendearenan är att ge ledare konkreta verktyg som enkelt kan användas före, under eller efter mötet – för att skapa en tryggare miljö där både kropp och själ får utrymme. 

Genom korta övningar kopplade till välmående kan barn och unga reflektera, bygga självkänsla och utveckla sin förmåga att prata om hur de mår. Välmåendearenan riktar sig också till föräldrar, som får möjlighet att bli en del av arbetet med att stärka ungas välbefinnande. Materialet har övningar som är anpassade för 8-13 år samt för 14 år och uppåt.',
        'Tanken med välmåendearenan är att ge ledare konkreta verktyg som enkelt kan användas före, under eller efter mötet – för att skapa en tryggare miljö där både kropp och själ får utrymme. 

Genom korta övningar kopplade till välmående kan barn och unga reflektera, bygga självkänsla och utveckla sin förmåga att prata om hur de mår. Välmåendearenan riktar sig också till föräldrar, som får möjlighet att bli en del av arbetet med att stärka ungas välbefinnande. Materialet har övningar som är anpassade för 8-13 år samt för 14 år och uppåt.',
        NULL,
        '2026-07-30 14:00:00',
        '2026-07-30 17:00:00',
        NULL,
        '3ef6ac67-e626-5420-a7a0-23e589b76940',
        '2026-07-01 00:00:00'
    ),
    (
        '04bf5403-9b6f-5520-ab76-1db67a0910a7',
        'Mekanisk tjur',
        'Mechanical bull',
        'Testa hur länge du kan sitta på tjurens rygg! Kanske är det svårare än du tror?',
        'See how long you can stay on the bull’s back! It might be harder than you think?',
        NULL,
        '2026-07-30 09:00:00',
        '2026-07-30 21:00:00',
        NULL,
        '59e1df30-6abb-58a0-b951-0da741883428',
        '2026-07-01 00:00:00'
    ),
    (
        '2bb67276-c2c3-5801-9269-0e5f9bc02750',
        'Schackturnering',
        'Chess tournament',
        'Har du också spenderat alldeles för många timmar på chess.com? Eller har du aldrig ens rört en schackpjäs? Det spelar ingen roll! Kom och testa dina schack-skills i Äventyrarhubbens alldeles egna schackturnering!',
        'Have you also spent way too many hours on chess.com? Or have you never even touched a chess piece? It doesn''t matter! Come and do your best in Äventyrarhubbens very own chess tournament!',
        NULL,
        '2026-07-30 09:00:00',
        '2026-07-30 17:00:00',
        NULL,
        '59e1df30-6abb-58a0-b951-0da741883428',
        '2026-07-01 00:00:00'
    ),
    (
        '17a5e3c0-2db6-5642-87a5-debf030d9532',
        'Unga forskare',
        'Unga forskare',
        'Testa på spännande aktiviteter med Unga Forskare!',
        'Try out exciting activities with Young Scientists!',
        NULL,
        '2026-07-30 09:00:00',
        '2026-07-30 17:00:00',
        NULL,
        '752c0d21-3c68-50d2-bf8a-53ee8fa96895',
        NULL
    ),
    (
        'eb07b45f-6915-5bfc-8215-4a095fe75559',
        'Äventyrare berättar: Per Eriksson',
        'The adventurer shares: Per Eriksson',
        'Lyssna på när äventyraren Per Eriksson berättar om hur scouterna tagit honom ut i hela världen! Det är svårt att nämna en plats han inte varit på; Kanada, Rwanda, Burundi, Östra Kongo är bara några exempel. Kanske berättar han om gången han seglade till Jamboree i Chile!',
        'Listen as adventurer Per Eriksson talks about how the Scouts have taken him all over the world! It’s hard to name a place he hasn’t been to; Canada, Rwanda, Burundi, and Eastern Congo are just a few examples. Maybe he’ll tell us about the time he sailed to the Jamboree in Chile!',
        NULL,
        '2026-07-30 09:00:00',
        '2026-07-30 10:00:00',
        NULL,
        '410166cf-c3f9-547e-8d04-88011947a675',
        '2026-07-01 00:00:00'
    ),
    (
        'd58d93ed-0497-5eae-88c7-dc12c6d7d8b0',
        'Psykologisk beredskap',
        'Psykologisk beredskap',
        'Ett fartfyllt och interaktivt pass där du får uppleva hur lätt det är att bli påverkad – och hur du kan stå emot. Du får konkreta verktyg för att tänka kritiskt, samarbeta och fatta kloka beslut när det verkligen gäller.',
        'An energetic and interactive session where you’ll experience how easy it is to be influenced—and how you can resist. You’ll gain practical tools for thinking critically, collaborating, and making wise decisions when it really counts.',
        NULL,
        '2026-07-30 10:00:00',
        '2026-07-30 11:00:00',
        NULL,
        '410166cf-c3f9-547e-8d04-88011947a675',
        '2026-07-01 00:00:00'
    ),
    (
        '711ba1cb-05ba-55a3-8dfb-b7816e9dd83a',
        'Psykologisk beredskap',
        'Psykologisk beredskap',
        'Ett fartfyllt och interaktivt pass där du får uppleva hur lätt det är att bli påverkad – och hur du kan stå emot. Du får konkreta verktyg för att tänka kritiskt, samarbeta och fatta kloka beslut när det verkligen gäller.',
        'An energetic and interactive session where you’ll experience how easy it is to be influenced—and how you can resist. You’ll gain practical tools for thinking critically, collaborating, and making wise decisions when it really counts.',
        NULL,
        '2026-07-30 14:30:00',
        '2026-07-30 15:30:00',
        NULL,
        '410166cf-c3f9-547e-8d04-88011947a675',
        '2026-07-01 00:00:00'
    ),
    (
        'dc9d3482-8f0e-5604-9c68-268e7d3bc8b7',
        'Äventyrare berättar: Per Eriksson',
        'The adventurer shares: Per Eriksson',
        'Lyssna på när äventyraren Per Eriksson berättar om hur scouterna tagit honom ut i hela världen! Det är svårt att nämna en plats han inte varit på; Kanada, Rwanda, Burundi, Östra Kongo är bara några exempel. Kanske berättar han om gången han seglade till Jamboree i Chile!',
        'Listen as adventurer Per Eriksson talks about how the Scouts have taken him all over the world! It’s hard to name a place he hasn’t been to; Canada, Rwanda, Burundi, and Eastern Congo are just a few examples. Maybe he’ll tell us about the time he sailed to the Jamboree in Chile!',
        NULL,
        '2026-07-30 16:00:00',
        '2026-07-30 17:00:00',
        NULL,
        '410166cf-c3f9-547e-8d04-88011947a675',
        '2026-07-01 00:00:00'
    ),
    (
        '0f4635a3-e4b9-50f8-831a-3c9e5c029489',
        'Quiz',
        'Quiz',
        'Var med och testa dina kunskaper i musik, scouting och annat kul tillsammans med dina vänner! Allt du behöver är penna och papper.',
        'Join us and test your knowledge in music, scouts and other fun stuff together with your friends. All you need is a pen and paper.',
        NULL,
        '2026-07-30 19:00:00',
        '2026-07-30 20:00:00',
        NULL,
        '410166cf-c3f9-547e-8d04-88011947a675',
        NULL
    ),
    (
        'd42b0964-c9cb-5274-b101-f1888cd74205',
        'Konsert',
        'Concert',
        'Kom och kolla in kvällens konsert! Kanske kan du sjunga med i någon låt?',
        'Come and check out tonight’s concert! Maybe you can sing along to one of the songs?',
        NULL,
        '2026-07-30 20:00:00',
        '2026-07-30 21:00:00',
        NULL,
        '410166cf-c3f9-547e-8d04-88011947a675',
        '2026-07-01 00:00:00'
    ),
    (
        '4b0500f1-ff30-55d8-a816-c70b07f5712d',
        'BRIS',
        'BRIS',
        'Pärla och spela spel tillsammans med organisationen BRIS',
        'Bead and play games together with the organisation BRIS',
        NULL,
        '2026-07-30 09:00:00',
        '2026-07-30 12:00:00',
        NULL,
        '6e2c7bf6-22af-58a7-ab08-58e462caae3e',
        '2026-07-01 00:00:00'
    ),
    (
        '1d675389-6002-5fb2-805d-e9d8b27c2a33',
        'BRIS',
        'BRIS',
        'Pärla och spela spel tillsammans med organisationen BRIS',
        'Bead and play games together with the organisation BRIS',
        NULL,
        '2026-07-30 14:00:00',
        '2026-07-30 17:00:00',
        NULL,
        '6e2c7bf6-22af-58a7-ab08-58e462caae3e',
        '2026-07-01 00:00:00'
    ),
    (
        '302d98fa-3b21-556e-9e94-7071c56b6644',
        'Ledarsamtal',
        'Scout leader gathering',
        'Slå dig ner vid lägerelden och möt Scoutledare från hela landet, dela erfarenheter, hämta inspiration och skapa nya kontakter.',
        'Gather around the campfire and meet Scout leaders from across the country, share experiences, find inspiration, and make new connections.',
        NULL,
        '2026-07-31 10:00:00',
        '2026-07-31 11:00:00',
        NULL,
        '6b32fa25-8341-537f-b8d7-ca4ad5a843a6',
        '2026-07-01 00:00:00'
    ),
    (
        '786cf71f-5cd2-546b-848f-c8129a41999e',
        'Utmanarsamtal',
        'Challenger scout leader gathering',
        'Slå dig ner vid lägerelden och möt utmanareledare från hela landet, dela erfarenheter, hämta inspiration och skapa nya kontakter.',
        'Gather around the campfire and meet Challenger Scout leaders from across the country, share experiences, find inspiration, and make new connections.',
        NULL,
        '2026-07-31 14:00:00',
        '2026-07-31 15:00:00',
        NULL,
        '6b32fa25-8341-537f-b8d7-ca4ad5a843a6',
        NULL
    ),
    (
        'ee755d6d-b4d4-55dc-b588-594ba22a6ca0',
        'Leda Scouting - Spork del 2',
        'Leda Scouting - Spork del 2',
        'Leda scouting är kursen för dig som vill förstå vad scouting är och hur du skapar verksamhet där scouter får växa, utmanas och ha roligt tillsammans. Här får du inspiration, konkreta verktyg och nya perspektiv på ledarskap i Scouterna. Anmälan via Scoutnet senast 17 juli.',
        '-',
        24,
        '2026-07-31 09:00:00',
        '2026-07-31 12:00:00',
        NULL,
        '8bf3aefe-86d0-5828-b722-f1eec53fbb27',
        '2026-07-01 00:00:00'
    ),
    (
        'c57b3ec0-93ce-592d-97b2-d10dbb3de18e',
        'Leda Scouting - Tamoj del 2',
        'Leda Scouting - Tamoj del 2',
        'Leda scouting är kursen för dig som vill förstå vad scouting är och hur du skapar verksamhet där scouter får växa, utmanas och ha roligt tillsammans. Här får du inspiration, konkreta verktyg och nya perspektiv på ledarskap i Scouterna. Anmälan via Scoutnet senast 17 juli.',
        '-',
        24,
        '2026-07-31 14:00:00',
        '2026-07-31 17:00:00',
        NULL,
        '8bf3aefe-86d0-5828-b722-f1eec53fbb27',
        '2026-07-01 00:00:00'
    ),
    (
        '103efe17-3808-53af-9baf-d7ef382f5066',
        'Nyfiken på att bli utbildare',
        'Nyfiken på att bli utbildare',
        'En workshop för ledare som är nyfikna på att utbilda inom Scouterna och Scouternas folkhögskola. Hur blir man utbildare och vad det innebär det att vara ackrediterad utbildare för scoututbildningar på Scouternas folkhögskola? Vi testar på något moment från kursen Utbildare för utbildare.',
        '-',
        NULL,
        '2026-07-31 15:00:00',
        '2026-07-31 16:00:00',
        NULL,
        '8a6e9259-c0ec-55e9-9876-b1d4074e942e',
        '2026-07-01 00:00:00'
    ),
    (
        '5587614e-ce37-5a99-947e-151d62df8ad5',
        '31/7 – Nyår 🎉',
        '31/7 – New Year''s Eve 🎉',
        '3... 2... 1... Gott nytt år! Vänta... det är ju juli? Det spelar ingen roll – vi tycker att man kan fira ändå! Kom och avsluta veckan med festlig stämning, svenska nyårstraditioner och vår allra sista Limited Edition. Har du något glittrigt, en festhatt eller dina finaste kläder? Klä upp dig och fira med oss! Ett perfekt sätt att säga hej då till Jamboree 2026 – och räkna ner till Jamboree 2027!',
        '3... 2... 1... Happy New Year! Wait... isn''t it July? Doesn''t matter – we think every day is a good day to celebrate! Join us as we wrap up the week with a festive atmosphere, Swedish New Year''s traditions, and our very last Limited Edition. Got something sparkly, a party hat, or your best outfit? Dress up and celebrate with us! The perfect way to say goodbye to Jamboree 2026 – and start the countdown to Jamboree 2027!',
        NULL,
        '2026-07-31 10:00:00',
        '2026-07-31 22:00:00',
        NULL,
        '3cc164ae-2a31-55a9-8a3e-73935189dcf0',
        '2026-07-01 00:00:00'
    ),
    (
        'bc5bfb95-4108-5cfe-abe2-fc0dc97ac7c1',
        'Vad kan du göra för EU, och vad kan EU göra för dig?',
        'Vad kan du göra för EU, och vad kan EU göra för dig?',
        'EU känns kanske stort och långt borta – men tänk om det är närmare än du tror? Vad har en scoutpatrull gemensamt med EU? Kan du påverka beslut innan du ens får rösta? Och varför spelar ditt engagemang större roll än du kanske anar? Helena Halldorf, arbetar till vardags med utrikespolitik inom EU och visar hur unga kan göra skillnad i Europa och vad EU kan erbjuda dig som är ung. Genom konkreta exempel och personliga berättelser får du veta hur dina idéer och ditt engagemang spelar roll. Häng med och upptäck vad just du kan göra för EU!',
        'EU känns kanske stort och långt borta – men tänk om det är närmare än du tror? Vad har en scoutpatrull gemensamt med EU? Kan du påverka beslut innan du ens får rösta? Och varför spelar ditt engagemang större roll än du kanske anar? Helena Halldorf, arbetar till vardags med utrikespolitik inom EU och visar hur unga kan göra skillnad i Europa och vad EU kan erbjuda dig som är ung. Genom konkreta exempel och personliga berättelser får du veta hur dina idéer och ditt engagemang spelar roll. Häng med och upptäck vad just du kan göra för EU!',
        NULL,
        '2026-07-31 09:30:00',
        '2026-07-31 10:30:00',
        NULL,
        '8fe15224-f662-5ce0-a1bc-4706c821c590',
        NULL
    ),
    (
        '47c75641-ce75-54bb-bd02-57155d686087',
        'Gör Scouterna skillnad på riktigt?',
        'Do scouts actually make a difference?',
        'Helena Halldorf, arbetar till vardags med utrikespolitik inom EU och visar hur unga kan göra skillnad i Europa och vad EU kan erbjuda dig som är ung. Genom konkreta exempel och personliga berättelser får du veta hur dina idéer och ditt engagemang spelar roll. Häng med och upptäck vad just du kan göra för EU!',
        'Helena Halldorf, arbetar till vardags med utrikespolitik inom EU och visar hur unga kan göra skillnad i Europa och vad EU kan erbjuda dig som är ung. Genom konkreta exempel och personliga berättelser får du veta hur dina idéer och ditt engagemang spelar roll. Häng med och upptäck vad just du kan göra för EU!',
        NULL,
        '2026-07-31 13:15:00',
        '2026-07-31 14:00:00',
        NULL,
        'eadcb315-41e0-546c-b3a5-6b28bfb6c18c',
        '2026-07-01 00:00:00'
    ),
    (
        'bebef6a8-9539-5202-ac37-687a1a8d9b8a',
        'Bli arrangemangsledare!',
        'Become a scout event leader!',
        '',
        '',
        NULL,
        '2026-07-31 17:00:00',
        '2026-07-31 17:30:00',
        NULL,
        'eadcb315-41e0-546c-b3a5-6b28bfb6c18c',
        '2026-07-01 00:00:00'
    ),
    (
        'e493f60f-1af6-5f49-adc4-6eede44b7888',
        'Konsert: Old Carters Memory Lane',
        'Concert: Old Carters Memory Lane',
        '',
        '',
        NULL,
        '2026-07-31 21:00:00',
        '2026-07-31 23:00:00',
        NULL,
        'eadcb315-41e0-546c-b3a5-6b28bfb6c18c',
        '2026-07-01 00:00:00'
    ),
    (
        'a3c5bce6-1715-5ce5-a0fb-06ddb9b1b8b5',
        'The HERDS',
        'The HERDS',
        'THE HERDS är ett banbrytande offentligt konstprojekt som låter djurnaturtrogna dockor i naturlig storlek ge sig ut på en episk resa från Kongobäckenet till Norra polcirkeln och låter publiken komma nära klimatkrisens verklighet. Projektet har skapats av The Walk Productions, teamet bakom Little Amal. THE HERDS har rest genom städer och landskap världen över och samlat konstnärer, unga människor och lokalsamhällen för att tillsammans föreställa sig en bättre framtid för vår planet. På Jamboree26 bjuds du in att bli en del av berättelsen. Tillsammans med THE HERDS-teamet får du skapa din egen flyttfågeldocka och upptäcka de fantastiska resor som fåglar gör genom länder, klimat och livsmiljöer. Genom dockteater, rörelse och berättande får du lära dig hur fåglar varje år färdas tusentals kilometer och vilka utmaningar de möter längs vägen. Tillsammans kommer deltagarna att skapa flockar av fåglar som växer under veckan och som så småningom kommer att vandra genom jamboreeområdet för att möta THE HERDS gorilla, som har rest hela vägen från Kinshasa i Kongobäckenet. Denna roliga och praktiska workshop kombinerar kreativitet, klimatmedvetenhet och gemensamt engagemang. Den ger unga människor möjlighet att bli en del av ett storskaligt konstnärligt projekt och bidra till en minnesvärd avslutande samling på Jamboree26. Inga förkunskaper behövs – bara fantasi, nyfikenhet och en vilja att följa med på flytten. OBS! Workshopen är på engelska.',
        'THE HERDS is a groundbreaking public art project bringing life-sized animal puppets on an epic journey from the Congo Basin to the Arctic Circle, bringing audiences face to face with the climate crisis. Created by The Walk Productions, the team behind Little Amal, THE HERDS has travelled through cities and landscapes around the world, bringing together artists, young people and communities to imagine a better future for our planet. At Jamboree26, you are invited to become part of the story. Join THE HERDS team to create your own migratory bird puppet and discover the incredible journeys birds make across countries, climates and habitats. Through puppetry, movement and storytelling, you’ll learn how birds travel thousands of miles each year and the challenges they face along the way. Together, participants will create flocks of birds that will grow throughout the week, eventually journeying across the Jamboree site to meet THE HERDS Gorilla, who has travelled all the way from Kinshasa in the Congo Basin. This fun, hands-on workshop combines creativity, climate awareness and collective action, giving young people the chance to become part of a large-scale artistic event and help create a memorable final gathering at Jamboree26. No previous experience is needed - just imagination, curiosity and a willingness to join the migration.',
        45,
        '2026-07-31 09:00:00',
        '2026-07-31 10:00:00',
        NULL,
        'b19300df-eec0-5b74-a2eb-772d1950ee26',
        '2026-07-01 00:00:00'
    ),
    (
        '452e7dd7-692d-5fe1-b5f6-31b4a7872e3f',
        'The HERDS',
        'The HERDS',
        'THE HERDS är ett banbrytande offentligt konstprojekt som låter djurnaturtrogna dockor i naturlig storlek ge sig ut på en episk resa från Kongobäckenet till Norra polcirkeln och låter publiken komma nära klimatkrisens verklighet. Projektet har skapats av The Walk Productions, teamet bakom Little Amal. THE HERDS har rest genom städer och landskap världen över och samlat konstnärer, unga människor och lokalsamhällen för att tillsammans föreställa sig en bättre framtid för vår planet. På Jamboree26 bjuds du in att bli en del av berättelsen. Tillsammans med THE HERDS-teamet får du skapa din egen flyttfågeldocka och upptäcka de fantastiska resor som fåglar gör genom länder, klimat och livsmiljöer. Genom dockteater, rörelse och berättande får du lära dig hur fåglar varje år färdas tusentals kilometer och vilka utmaningar de möter längs vägen. Tillsammans kommer deltagarna att skapa flockar av fåglar som växer under veckan och som så småningom kommer att vandra genom jamboreeområdet för att möta THE HERDS gorilla, som har rest hela vägen från Kinshasa i Kongobäckenet. Denna roliga och praktiska workshop kombinerar kreativitet, klimatmedvetenhet och gemensamt engagemang. Den ger unga människor möjlighet att bli en del av ett storskaligt konstnärligt projekt och bidra till en minnesvärd avslutande samling på Jamboree26. Inga förkunskaper behövs – bara fantasi, nyfikenhet och en vilja att följa med på flytten. OBS! Workshopen är på engelska.',
        'THE HERDS is a groundbreaking public art project bringing life-sized animal puppets on an epic journey from the Congo Basin to the Arctic Circle, bringing audiences face to face with the climate crisis. Created by The Walk Productions, the team behind Little Amal, THE HERDS has travelled through cities and landscapes around the world, bringing together artists, young people and communities to imagine a better future for our planet. At Jamboree26, you are invited to become part of the story. Join THE HERDS team to create your own migratory bird puppet and discover the incredible journeys birds make across countries, climates and habitats. Through puppetry, movement and storytelling, you’ll learn how birds travel thousands of miles each year and the challenges they face along the way. Together, participants will create flocks of birds that will grow throughout the week, eventually journeying across the Jamboree site to meet THE HERDS Gorilla, who has travelled all the way from Kinshasa in the Congo Basin. This fun, hands-on workshop combines creativity, climate awareness and collective action, giving young people the chance to become part of a large-scale artistic event and help create a memorable final gathering at Jamboree26. No previous experience is needed - just imagination, curiosity and a willingness to join the migration.',
        45,
        '2026-07-31 11:00:00',
        '2026-07-31 12:00:00',
        NULL,
        'b19300df-eec0-5b74-a2eb-772d1950ee26',
        NULL
    ),
    (
        'b6cc8ecb-95f6-5450-852e-d471f8854c7d',
        'Vattenlek',
        'Vattenlek',
        '',
        '',
        NULL,
        '2026-07-31 09:00:00',
        '2026-07-31 17:00:00',
        NULL,
        'adf125a7-5bf4-5b81-9c9f-bedfce4c0a65',
        '2026-07-01 00:00:00'
    ),
    (
        '25defd23-b680-599a-b2a5-9e98deef7c63',
        'Hantverk fokus: Kompisminnen',
        'Hantverk fokus: Kompisminnen',
        '',
        '',
        NULL,
        '2026-07-31 09:00:00',
        '2026-07-31 17:00:00',
        NULL,
        '814b68b7-cae2-52f0-8a6d-9d13797bdabf',
        '2026-07-01 00:00:00'
    ),
    (
        '92fefeed-9bcb-5bd2-b16b-ea5796468fc6',
        'Mekanisk tjur',
        'Mechanical bull',
        'Testa hur länge du kan sitta på tjurens rygg! Kanske är det svårare än du tror?',
        'See how long you can stay on the bull’s back! It might be harder than you think?',
        NULL,
        '2026-07-31 09:00:00',
        '2026-07-31 17:00:00',
        NULL,
        '59e1df30-6abb-58a0-b951-0da741883428',
        '2026-07-01 00:00:00'
    ),
    (
        '6a2fcf85-7a61-5790-a75a-94f9728d8d74',
        'Dagens lek: Svanskull',
        'Dagens lek: Svanskull',
        'Starttider för lekarna kommer finnas på anslagstavlan i hubben',
        'Starttider för lekarna kommer finnas på anslagstavlan i hubben',
        NULL,
        '2026-07-31 09:00:00',
        '2026-07-31 17:00:00',
        NULL,
        'adf125a7-5bf4-5b81-9c9f-bedfce4c0a65',
        '2026-07-01 00:00:00'
    ),
    (
        'da3847f2-36c9-579f-9761-b33cbd97519f',
        'BRIS',
        'BRIS',
        'Pärla och spela spel tillsammans med organisationen BRIS',
        'Bead and play games together with the organisation BRIS',
        NULL,
        '2026-07-31 09:00:00',
        '2026-07-31 12:00:00',
        NULL,
        '6e2c7bf6-22af-58a7-ab08-58e462caae3e',
        NULL
    ),
    (
        'a8b2dad9-a597-5ff5-afb5-a4e6a06e24f7',
        'Tim Bergling Foundation',
        'Tim Bergling Foundation',
        'Testa på olika aktiviteter från Välmåendearenan tillsammans med Tim Bergling Foundation',
        'Try out various activities from the "Wellbeing Arena" together with the Tim Bergling Foundation',
        NULL,
        '2026-07-31 09:00:00',
        '2026-07-31 12:00:00',
        NULL,
        '410166cf-c3f9-547e-8d04-88011947a675',
        '2026-07-01 00:00:00'
    ),
    (
        '5cbff712-b8ae-530e-81e0-654ccb636f2e',
        'Fäktning',
        'Fencing',
        'Finns det något bättre sätt att avsluta lägret på än att testa på lite fäktning? Vi tror inte det.',
        'Is there any better way to wrap up the camp than to try your hand at a little fencing? We don''t think so.',
        NULL,
        '2026-07-31 09:00:00',
        '2026-07-31 12:00:00',
        NULL,
        '59e1df30-6abb-58a0-b951-0da741883428',
        '2026-07-01 00:00:00'
    ),
    (
        '07c7d628-4b9b-5e8b-92c7-0c618d4c9433',
        'Unga forskare',
        'Unga forskare',
        'Testa på spännande aktiviteter med Unga Forskare!',
        'Try out exciting activities with Young Scientists!',
        NULL,
        '2026-07-31 10:00:00',
        '2026-07-31 17:00:00',
        NULL,
        '752c0d21-3c68-50d2-bf8a-53ee8fa96895',
        '2026-07-01 00:00:00'
    ),
    (
        '559d040c-caf3-5c92-bb40-dcedb8ef7f19',
        'Sagostund',
        'Storytime',
        'Inspirerande sagostund öppet för alla',
        'Inspiring story time open to everyone',
        NULL,
        '2026-07-31 08:00:00',
        '2026-07-31 09:00:00',
        NULL,
        'db93cd52-18a4-58c9-ac68-d7c32fe390aa',
        '2026-07-01 00:00:00'
    ),
    (
        '3bb4fefa-2da3-5f0f-821a-18756c2adf27',
        'Kvällsbön',
        'Evening prayer',
        '',
        '',
        NULL,
        '2026-07-31 22:00:00',
        '2026-07-31 22:30:00',
        NULL,
        'db93cd52-18a4-58c9-ac68-d7c32fe390aa',
        NULL
    ),
    (
        '851aa737-8b37-5cca-af39-869e5065563c',
        'Våga Lyssna fördjupning',
        'Dare to Listen',
        'Våga lyssna fördjupning är en fördjupande workshop för scoutledare som fokuserar på att fördjupa kunskaper och öva på olika verktyg från webbkursen Våga lyssna. Målet är att känna större trygghet i att hålla samtal om mående och känslor med barn och unga.',
        '"Dare to Listen – Advanced" is a workshop for Scout leaders that builds on the online course Dare to Listen. It helps leaders learn more and practise different tools from the course. The goal is to feel more confident when talking with children and young people about their feelings and well-being.',
        40,
        '2026-07-31 09:00:00',
        '2026-07-31 11:00:00',
        NULL,
        'db93cd52-18a4-58c9-ac68-d7c32fe390aa',
        '2026-07-01 00:00:00'
    ),
    (
        '5818ec53-6260-5cb7-867d-71585a74606b',
        'Muslimsk tro - NAMN kommer',
        'Muslimsk tro - NAMN kommer',
        'Workshopen leds av Trygga mötens samtalsledare.',
        'Workshopen leds av Trygga mötens samtalsledare.',
        40,
        '2026-07-31 11:00:00',
        '2026-07-31 12:00:00',
        NULL,
        'db93cd52-18a4-58c9-ac68-d7c32fe390aa',
        '2026-07-01 00:00:00'
    ),
    (
        'c1dfe740-cffc-5bc6-8746-fb7b7e49793d',
        'Musikmosaik: Öppet Jam',
        'Music Mosaic: Open Jam',
        'En öppen scen för alla musikälskare! Delta med egna låtar, covers, improvisationer eller bara lyssna och njut. Vi välkomnar allt från nyskrivna stycken som speglar livets mångfald till klassiska favoriter som berör själen. För scentid anmäler du dig senast 1 timme innan. Först till kvarn!',
        'An open stage for all music lovers! Participate with your own songs, covers, improvisations or just listen and enjoy. We welcome everything from newly written pieces that reflect the diversity of life to classic favorites that touch the soul. For stage time, please register at least 1 hour in advance. First come, first served!',
        NULL,
        '2026-07-31 14:00:00',
        '2026-07-31 15:00:00',
        NULL,
        'db93cd52-18a4-58c9-ac68-d7c32fe390aa',
        '2026-07-01 00:00:00'
    ),
    (
        '806abba6-b003-564b-99bf-ebc8ee10e52b',
        'Poetry Slam',
        'Poetry Slam',
        'Öppen scen för alla poeter. Delta med ditt egna material eller högläs dina personliga favoriter. Vi välkomnar allt från modernt material som belyser viktiga samhällsaspekter till simpel själavårdande vacker poesi. För scentid anmäler du dig senast 1 h innan. Först till kvarn!',
        'Open stage for all poets. Participate with your own material or read aloud your personal favorites. We welcome everything from modern material that highlights important social aspects to simple, soul-stirring beautiful poetry. For stage time, please register at least 1 hour in advance. First come, first served!',
        NULL,
        '2026-07-31 15:30:00',
        '2026-07-31 17:00:00',
        NULL,
        'db93cd52-18a4-58c9-ac68-d7c32fe390aa',
        '2026-07-01 00:00:00'
    ),
    (
        'fe469e61-e63f-5229-8abb-0fd8f123594c',
        'RUNCLUB',
        'RUNCLUB',
        'Välkommen att springa eller jogga med vår sponsor! Vi bjbuder på goodiebags till dom 20 första som ansluter! Vi springer i två olika takter och med musik runt lägerområdet för alla som vill kickstarta dagen.',
        'Welcome to run or jog with our sponsor! We are offering goodie bags to the first 20 people who join! We run at two different paces and with music around the camp area for anyone who wants to kickstart the day.',
        NULL,
        '2026-07-31 06:00:00',
        '2026-07-31 07:00:00',
        NULL,
        '8bf3aefe-86d0-5828-b722-f1eec53fbb27',
        NULL
    ),
    (
        '74978936-9917-5103-900d-cac3602cbbc0',
        'Speedfriending',
        'Speedfriending',
        '',
        '',
        60,
        '2026-07-31 19:00:00',
        '2026-07-31 20:00:00',
        NULL,
        '8bf3aefe-86d0-5828-b722-f1eec53fbb27',
        '2026-07-01 00:00:00'
    ),
    (
        '0d3261ea-c2cd-5bbf-ae71-f02609f3c9d0',
        'Lounge Solnedgång',
        'Lounge Sunset',
        'Ingen vill gå hem och kvällen är ung. Soft stämning för ett sista kväll med vänner, gamla som nya. Vi bjuder på go musik, kom och häng efter avslutningen.',
        'No one wants to go home and the evening is young. Soft atmosphere for a last evening with friends, old and new. We offer good music, come and hang out after the closing ceremony.',
        NULL,
        '2026-07-31 22:00:00',
        '2026-07-31 23:59:00',
        NULL,
        '8bf3aefe-86d0-5828-b722-f1eec53fbb27',
        '2026-07-01 00:00:00'
    ),
    (
        '0fbdeebb-4a80-552d-b133-611139617834',
        'BRIS',
        'BRIS',
        'Pärla och spela spel tillsammans med organisationen BRIS',
        'Bead and play games together with the organisation BRIS',
        NULL,
        '2026-07-31 14:00:00',
        '2026-07-31 17:00:00',
        NULL,
        '6e2c7bf6-22af-58a7-ab08-58e462caae3e',
        '2026-07-01 00:00:00'
    ),
    (
        '00f83fef-0443-5dd1-a80f-0b1a9538124d',
        'Tim Bergling Foundation',
        'Tim Bergling Foundation',
        'Testa på olika aktiviteter från Välmåendearenan tillsammans med Tim Bergling Foundation',
        'Try out various activities from the "Wellbeing Arena" together with the Tim Bergling Foundation',
        NULL,
        '2026-07-31 14:00:00',
        '2026-07-31 17:00:00',
        NULL,
        '410166cf-c3f9-547e-8d04-88011947a675',
        '2026-07-01 00:00:00'
    ),
    (
        '6db832a3-f7de-5b0f-8adf-f7b0603c14cc',
        'En Känsla av Fest',
        'The Party Feeling',
        'Sista dagen! Trist – JA. Trista aktiviteter på roverprogrammet – NEJ, VERKLIGEN INTE! Det blir capture the flag-varianten JERIKO, känsla lite av ett nöjesfält och tid att kanske uppleva något oväntat! Idag är det Drop-in som gäller, området har öppet hela tiden men, Jeriko Startar med 45 minuters mellanrum, med start 8:30!',
        'Last day! Boring – YES. Boring activities on the rover program – NO, REALLY NOT! It will be the capture the flag variant JERIKO, feeling a bit like an amusement park and time to maybe experience something unexpected! Today is Drop-in, the area is open all the time but, Jeriko Starts at 45 minute intervals, starting at 8:30!',
        NULL,
        '2026-07-31 08:30:00',
        '2026-07-31 12:30:00',
        NULL,
        'ebb7da6c-244f-59f4-8165-898dd0f1b636',
        NULL
    ),
    (
        '40587247-379a-572f-86eb-2460bd6043db',
        'En Känsla av Fest',
        'The Party Feeling',
        'Sista dagen! Trist – JA. Trista aktiviteter på roverprogrammet – NEJ, VERKLIGEN INTE! Det blir capture the flag-varianten JERIKO, känsla lite av ett nöjesfält och tid att kanske uppleva något oväntat! Idag är det Drop-in som gäller, området har öppet hela tiden men, Jeriko Startar med 45 minuters mellanrum, med start 8:30!',
        'Last day! Boring – YES. Boring activities on the rover program – NO, REALLY NOT! It will be the capture the flag variant JERIKO, feeling a bit like an amusement park and time to maybe experience something unexpected! Today is Drop-in, the area is open all the time but, Jeriko Starts at 45 minute intervals, starting at 8:30!',
        NULL,
        '2026-07-31 14:00:00',
        '2026-07-31 18:00:00',
        NULL,
        'ebb7da6c-244f-59f4-8165-898dd0f1b636',
        '2026-07-01 00:00:00'
    ),
    (
        '2cbbf2d3-ab65-5e5f-8bb3-847c4265d0fc',
        'BRIS',
        'BRIS',
        'Pyssel och aktiviteter',
        'Pyssel och aktiviteter',
        NULL,
        '2026-07-31 09:00:00',
        '2026-07-31 09:00:00',
        NULL,
        'e5af716c-8a6f-56dc-9cfc-287150d616f4',
        '2026-07-01 00:00:00'
    ),
    (
        '2eddc752-7956-5628-aab7-cf4ee261c157',
        'Quiz',
        'Quiz',
        'Kom och var med på quiz! Spela själv eller i lag.',
        'Come and join us for a fun quiz! Play alone or as a team.',
        NULL,
        '2026-07-31 16:00:00',
        '2026-07-31 16:30:00',
        NULL,
        '6a01d4f5-5989-530b-a37b-d53ae9440118',
        '2026-07-01 00:00:00'
    ),
    (
        'c01b2c7a-7547-51e7-9d04-74624badbfef',
        'Quiz: Film/tvserie',
        'Quiz: Movies & Series',
        '',
        '',
        NULL,
        '2026-07-31 10:00:00',
        '2026-07-31 11:00:00',
        NULL,
        '3ef6ac67-e626-5420-a7a0-23e589b76940',
        '2026-07-01 00:00:00'
    ),
    (
        '84ebbc31-66aa-5814-948c-5999effba65f',
        'Quiz: Film/tvserie',
        'Quiz: Movies & Series',
        '',
        '',
        NULL,
        '2026-07-31 15:00:00',
        '2026-07-31 16:00:00',
        NULL,
        '3ef6ac67-e626-5420-a7a0-23e589b76940',
        NULL
    ),
    (
        '5543f089-bb63-5f5f-9d3a-ffd924526253',
        'Midnattsföreläsning',
        'Midnight Lecture',
        '',
        '',
        NULL,
        '2026-08-01 00:00:00',
        '2026-08-01 01:00:00',
        NULL,
        'eadcb315-41e0-546c-b3a5-6b28bfb6c18c',
        '2026-07-01 00:00:00'
    ),
    (
        '5f1952c0-2ac7-5856-893f-d55bc26d07c9',
        'Sagostund',
        'Storytime',
        'Inspirerande sagostund öppet för alla',
        'Inspiring story time open to everyone',
        NULL,
        '2026-08-01 08:00:00',
        '2026-08-01 09:00:00',
        NULL,
        'db93cd52-18a4-58c9-ac68-d7c32fe390aa',
        '2026-07-01 00:00:00'
    )
ON CONFLICT (id) DO NOTHING;

-- Activity tags from the Kategorier tab.
INSERT INTO activity_tag (id, name, name_en)
VALUES
    ('12425088-e62b-521b-a438-fea04c4a5c0a', 'Återträffar', 'Reunions'),
    ('fae72748-0c90-54ea-84ce-13e7d6d03b90', 'Samtal', 'Gatherings'),
    ('9e088d1b-dd0c-5111-bf7c-7e45dc91f102', 'Fysisk aktivitet', 'Physical activity'),
    ('00463a53-77e0-5e75-be2f-2d2dd8a364ed', 'Workshop', 'Workshop'),
    ('c9df8965-367f-59af-a045-ed51445e4a03', 'Föreläsning', 'Lecture'),
    ('9550eee1-3b46-536f-9d26-c69acaeff07d', 'Hantverk', 'Crafts'),
    ('386e8848-0964-5aac-965f-f2f0a3feb7c4', 'Utbildning', 'Training'),
    ('cf6b1d4e-6845-5f79-8304-f3b01342f00f', 'Underhållning', 'Underhållning'),
    ('dbe43c25-0e84-5860-a38c-c09c5deaafce', 'Programaktivitet', 'Programaktivitet'),
    ('75ce8d0f-9b4c-54bd-ba6c-0518a12e18d9', 'Invigning', 'Invigning'),
    ('d4e7cc52-1ca8-55c3-8bfa-2f3ae66535ad', 'Psykisk hälsa', 'Psykisk hälsa'),
    ('82904440-a489-5e4c-b9a9-32d0d1250385', 'Andlig aktivitet', 'Andlig aktivitet'),
    ('347beb00-f939-5048-b89e-c51eaef10a04', 'Dans', 'Dans'),
    ('a2b82ddb-3cd9-5c10-a52c-6978bd518873', 'Speed date', 'Speed date'),
    ('d3bf788b-e8b9-51bf-867d-ddc6f030a321', 'Tema', 'Tema'),
    ('22ac106d-5bbe-54fe-b6fa-86cd3af8edc3', 'Lek', 'Lek')
ON CONFLICT (id) DO NOTHING;

-- Kategori column -> tag links (activities without one stay untagged).
INSERT INTO activity_tag_activity (activity_tag_id, activity_id)
VALUES
    ('cf6b1d4e-6845-5f79-8304-f3b01342f00f', 'a6b93ca9-1418-5ac3-b668-6429c1023514'),
    ('75ce8d0f-9b4c-54bd-ba6c-0518a12e18d9', 'b208a2a7-08dd-58c5-bd88-3084dbeb9436'),
    ('cf6b1d4e-6845-5f79-8304-f3b01342f00f', 'e5d2c766-cc40-5a2f-8488-f05fc8820572'),
    ('347beb00-f939-5048-b89e-c51eaef10a04', '37c3e713-0561-55fd-9900-4bc20f8899e5'),
    ('a2b82ddb-3cd9-5c10-a52c-6978bd518873', 'a5cd670d-4c43-5400-8f5f-bf4da7113ac8'),
    ('fae72748-0c90-54ea-84ce-13e7d6d03b90', 'd6394f2b-7a4b-53ac-9287-aef7f65359aa'),
    ('d4e7cc52-1ca8-55c3-8bfa-2f3ae66535ad', 'ce006bf2-571c-5af3-acb1-9b09812bfe7d'),
    ('22ac106d-5bbe-54fe-b6fa-86cd3af8edc3', 'c1addd1a-13ff-5c26-b804-be51a43dd6e1'),
    ('22ac106d-5bbe-54fe-b6fa-86cd3af8edc3', 'd28215c6-a981-5223-a703-3d7156437d79'),
    ('22ac106d-5bbe-54fe-b6fa-86cd3af8edc3', '4f3dd97a-571d-515c-8e73-f7a0ca192da9'),
    ('9550eee1-3b46-536f-9d26-c69acaeff07d', 'f123cd57-0cd6-5e71-8993-fe631c0ae9e3'),
    ('9550eee1-3b46-536f-9d26-c69acaeff07d', '2c9884a6-d823-5905-b717-d54d9ae3bd6e'),
    ('00463a53-77e0-5e75-be2f-2d2dd8a364ed', '49f455f9-9b5c-5bc2-8db3-b80189e30a26'),
    ('00463a53-77e0-5e75-be2f-2d2dd8a364ed', '0c73e5da-a930-528b-9b49-95a22f35655c'),
    ('cf6b1d4e-6845-5f79-8304-f3b01342f00f', '86f8c015-5b80-584c-b685-f5a9dfaa9a20'),
    ('fae72748-0c90-54ea-84ce-13e7d6d03b90', 'fd6b5c43-abd1-54da-8012-c4eba92dea0b'),
    ('fae72748-0c90-54ea-84ce-13e7d6d03b90', '73ca9e93-b4e0-5bf2-80c8-5b6448b9bb3f'),
    ('386e8848-0964-5aac-965f-f2f0a3feb7c4', '481c9c0a-07c9-5a8b-a45b-d5622bfe5c09'),
    ('386e8848-0964-5aac-965f-f2f0a3feb7c4', 'afa104af-7392-57ba-b646-75279a3b5d77'),
    ('347beb00-f939-5048-b89e-c51eaef10a04', '078a02ed-a35c-5d31-9381-6bd61542ec9b'),
    ('cf6b1d4e-6845-5f79-8304-f3b01342f00f', '09f413be-effc-51c9-93b9-edefb32ab4c3'),
    ('c9df8965-367f-59af-a045-ed51445e4a03', '82dcf744-eed3-5e77-acda-c48b509fd9e2'),
    ('cf6b1d4e-6845-5f79-8304-f3b01342f00f', '126a1410-5896-5224-833c-28b5b9a0fd38'),
    ('82904440-a489-5e4c-b9a9-32d0d1250385', 'c97167ff-5519-5965-a8dc-3113c9f52289'),
    ('d3bf788b-e8b9-51bf-867d-ddc6f030a321', '7986095f-e2ca-515a-b331-42eecc9a6daf'),
    ('cf6b1d4e-6845-5f79-8304-f3b01342f00f', '58969b83-d19a-5feb-aa0a-ab79ed50dd95'),
    ('cf6b1d4e-6845-5f79-8304-f3b01342f00f', '5086036b-0cfc-5c68-8806-3fbd222e70f6'),
    ('cf6b1d4e-6845-5f79-8304-f3b01342f00f', '55a02dd6-aa42-57ba-b881-40f6f6187613'),
    ('cf6b1d4e-6845-5f79-8304-f3b01342f00f', '5f85b46c-f9b2-50e8-b8fb-04b42d02d27b'),
    ('cf6b1d4e-6845-5f79-8304-f3b01342f00f', 'a6c40518-a47f-5846-8fbe-9deca32f61a7'),
    ('d4e7cc52-1ca8-55c3-8bfa-2f3ae66535ad', 'a82c89e0-c1a7-5dd4-94ea-4822a33d8c1e'),
    ('22ac106d-5bbe-54fe-b6fa-86cd3af8edc3', '71e5768c-7fb5-5bbf-9fdb-c68c208a443c'),
    ('9550eee1-3b46-536f-9d26-c69acaeff07d', '37764be9-d7ba-58c8-b2f9-21497bd0a997'),
    ('9550eee1-3b46-536f-9d26-c69acaeff07d', '9ddf4439-267d-5f4c-9b9e-1ef7c400800d'),
    ('9550eee1-3b46-536f-9d26-c69acaeff07d', '94ba81dd-0877-5b6a-a074-4c0739ce6d19'),
    ('22ac106d-5bbe-54fe-b6fa-86cd3af8edc3', '7a7c0e31-d225-57a6-b418-d3c0a7c045c7'),
    ('22ac106d-5bbe-54fe-b6fa-86cd3af8edc3', 'f00f9619-668b-5af6-8b49-08b5247c50fe'),
    ('c9df8965-367f-59af-a045-ed51445e4a03', 'ee79360a-a81d-5f70-a42e-64f1ed0310cf'),
    ('c9df8965-367f-59af-a045-ed51445e4a03', 'e7e035d4-ad8b-55da-a308-532d5a9bbafb'),
    ('9e088d1b-dd0c-5111-bf7c-7e45dc91f102', 'a25e5238-61a2-5523-95b3-2aea9004e56c'),
    ('00463a53-77e0-5e75-be2f-2d2dd8a364ed', '4bc7bc39-ae07-537a-909d-916a292f7da9'),
    ('cf6b1d4e-6845-5f79-8304-f3b01342f00f', '94e0e7e2-dab6-5457-8ab5-5fe45151ecb0'),
    ('cf6b1d4e-6845-5f79-8304-f3b01342f00f', '8839a2d8-5ded-531d-866e-a15a7c66f66e'),
    ('cf6b1d4e-6845-5f79-8304-f3b01342f00f', 'cef3019f-0305-56a0-8b32-d930994ef82f'),
    ('00463a53-77e0-5e75-be2f-2d2dd8a364ed', '76bbce09-a748-51b2-9bdc-abd08d3865f5'),
    ('00463a53-77e0-5e75-be2f-2d2dd8a364ed', 'fb2e9a02-0605-52ff-bee5-cb82c8b61312'),
    ('a2b82ddb-3cd9-5c10-a52c-6978bd518873', '90db323c-56d0-5fa9-9826-9b1cc6e2eab5'),
    ('c9df8965-367f-59af-a045-ed51445e4a03', '17786f13-ca1b-5efe-acf4-e633f2dfac3b'),
    ('fae72748-0c90-54ea-84ce-13e7d6d03b90', 'ab44ffae-97b5-5311-9d76-5b96e79ba50e'),
    ('c9df8965-367f-59af-a045-ed51445e4a03', '17af255f-d728-5c22-b076-8daae5474bde'),
    ('fae72748-0c90-54ea-84ce-13e7d6d03b90', '272ef6c8-ac23-5c2c-ba08-6b401086f499'),
    ('fae72748-0c90-54ea-84ce-13e7d6d03b90', '5699fdf0-232b-5511-a0c9-aaaf232dd936'),
    ('12425088-e62b-521b-a438-fea04c4a5c0a', 'fe751b3a-b3f9-502e-9c5d-dc79d7cf9127'),
    ('12425088-e62b-521b-a438-fea04c4a5c0a', '734e4cf4-1485-5454-b7fe-ecbb03977bd2'),
    ('12425088-e62b-521b-a438-fea04c4a5c0a', '647fd0b0-c417-51e0-a2ee-5e712e2d22a9'),
    ('12425088-e62b-521b-a438-fea04c4a5c0a', '4aa4dd5c-2187-530b-a0c9-e006024efeb6'),
    ('12425088-e62b-521b-a438-fea04c4a5c0a', 'b881e453-dc15-5666-8710-604f137374f4'),
    ('12425088-e62b-521b-a438-fea04c4a5c0a', '8905edbc-6fdb-52fd-96d1-c72ab1c30911'),
    ('cf6b1d4e-6845-5f79-8304-f3b01342f00f', 'bf3c8d00-859a-5c2e-a139-0485003a95c9'),
    ('cf6b1d4e-6845-5f79-8304-f3b01342f00f', 'b7235adc-a125-5e79-ad36-3d28925747fa'),
    ('dbe43c25-0e84-5860-a38c-c09c5deaafce', 'cf73f516-7167-513d-ab05-5ad6f958d69e'),
    ('00463a53-77e0-5e75-be2f-2d2dd8a364ed', 'c743dad2-75e2-5870-8367-389485d79ea5'),
    ('82904440-a489-5e4c-b9a9-32d0d1250385', 'ba62753e-ace6-5ea7-815c-5355dca33497'),
    ('82904440-a489-5e4c-b9a9-32d0d1250385', '81fd232c-9acd-5f53-9f59-d4c4d22918b4'),
    ('fae72748-0c90-54ea-84ce-13e7d6d03b90', '751041eb-638b-58d8-b8b1-073554dac7c0'),
    ('fae72748-0c90-54ea-84ce-13e7d6d03b90', '928bac10-8819-5e75-887e-c412e38e8a1b'),
    ('fae72748-0c90-54ea-84ce-13e7d6d03b90', 'd61cc0ed-dde9-5a95-874f-6a394d470fb7'),
    ('9e088d1b-dd0c-5111-bf7c-7e45dc91f102', 'a9f73bb3-1833-59c7-b061-cc71f236a1a4'),
    ('386e8848-0964-5aac-965f-f2f0a3feb7c4', '1377d746-b0c3-5ec7-b903-81903fd3ca55'),
    ('cf6b1d4e-6845-5f79-8304-f3b01342f00f', 'd5380b5b-9d81-54b7-b3cf-054603ee33cd'),
    ('347beb00-f939-5048-b89e-c51eaef10a04', '471e7101-bac5-54a5-93ab-1c57addf4105'),
    ('9e088d1b-dd0c-5111-bf7c-7e45dc91f102', '27793f1c-f0cf-582f-a2cc-984ccd421417'),
    ('00463a53-77e0-5e75-be2f-2d2dd8a364ed', 'a98b2543-6025-5462-b449-bf810ebce753'),
    ('cf6b1d4e-6845-5f79-8304-f3b01342f00f', 'b5eb6a48-0a1f-5e2b-8848-f6880c4a7d55'),
    ('cf6b1d4e-6845-5f79-8304-f3b01342f00f', 'b8961dd7-94d3-5faa-8539-28d23be901a1'),
    ('dbe43c25-0e84-5860-a38c-c09c5deaafce', '93cb71c7-13b9-5a05-8112-161e8c30c1e1'),
    ('dbe43c25-0e84-5860-a38c-c09c5deaafce', 'dcbe3520-35fd-5bf1-bc01-3bf4420c7f3a'),
    ('cf6b1d4e-6845-5f79-8304-f3b01342f00f', '7272a920-5a32-5747-ad7f-3878aeece0ad'),
    ('82904440-a489-5e4c-b9a9-32d0d1250385', 'a371cfb1-38a6-5be9-a02d-0e5d373d5012'),
    ('d3bf788b-e8b9-51bf-867d-ddc6f030a321', 'ffcc33c5-3e99-52ea-924b-56e7269e3a4b'),
    ('cf6b1d4e-6845-5f79-8304-f3b01342f00f', 'f04f2856-0477-53a0-9e44-0e2ad5fbb70d'),
    ('d4e7cc52-1ca8-55c3-8bfa-2f3ae66535ad', '419a5558-d525-5f10-a9f3-467c8d860321'),
    ('9e088d1b-dd0c-5111-bf7c-7e45dc91f102', 'b327ec08-141c-5c24-8e0c-6c57cbe914a9'),
    ('9e088d1b-dd0c-5111-bf7c-7e45dc91f102', '340bf173-a87f-5fc4-8101-06d9ffcdf112'),
    ('cf6b1d4e-6845-5f79-8304-f3b01342f00f', '8cf6c9a5-0572-5fb7-97e8-f2a0b86f970f'),
    ('d4e7cc52-1ca8-55c3-8bfa-2f3ae66535ad', 'a15d66d0-7cca-50de-a4b0-717651865798'),
    ('22ac106d-5bbe-54fe-b6fa-86cd3af8edc3', '610885be-25c9-51f7-b3aa-4abb9f1a4b73'),
    ('9550eee1-3b46-536f-9d26-c69acaeff07d', '87e1b1cb-9009-546b-955a-c1756d87737f'),
    ('9550eee1-3b46-536f-9d26-c69acaeff07d', '9e60857a-fe9c-56b0-95da-eac7249b4d07'),
    ('9550eee1-3b46-536f-9d26-c69acaeff07d', '973ad700-673a-5f3a-b186-3bb43e890bb3'),
    ('22ac106d-5bbe-54fe-b6fa-86cd3af8edc3', 'e8084f74-02e6-52b8-83c3-3919e0701795'),
    ('22ac106d-5bbe-54fe-b6fa-86cd3af8edc3', 'bc6ab101-53ed-5514-a44e-bdf5ddd57962'),
    ('9e088d1b-dd0c-5111-bf7c-7e45dc91f102', '9cf4dfd8-d2d6-58aa-be42-2bffdc4488ac'),
    ('9e088d1b-dd0c-5111-bf7c-7e45dc91f102', '2250b265-08b5-5ada-ac0c-d982c9a4a0e4'),
    ('00463a53-77e0-5e75-be2f-2d2dd8a364ed', '894b794e-82be-510f-ace5-f7ada9983f04'),
    ('9e088d1b-dd0c-5111-bf7c-7e45dc91f102', '0d878812-5868-5f0a-bab4-2001c0fafcdc'),
    ('00463a53-77e0-5e75-be2f-2d2dd8a364ed', '4e3821d7-8615-5f3e-8829-7000f05c9711'),
    ('9e088d1b-dd0c-5111-bf7c-7e45dc91f102', 'a6700f46-99c8-57f6-b195-df8de00b2a99'),
    ('cf6b1d4e-6845-5f79-8304-f3b01342f00f', '9e29c220-5584-5735-b757-27f5f9b5d57e'),
    ('cf6b1d4e-6845-5f79-8304-f3b01342f00f', '6da1cb24-e376-514e-a5d5-7da3c4c45660'),
    ('9e088d1b-dd0c-5111-bf7c-7e45dc91f102', '9c14b462-2c71-5f6d-8b04-59300e848a77'),
    ('9e088d1b-dd0c-5111-bf7c-7e45dc91f102', 'f9be63fd-339d-559e-9591-0c9ef66e9e2a'),
    ('00463a53-77e0-5e75-be2f-2d2dd8a364ed', 'a32d19c5-987d-5fca-a48a-39d55d8bdc16'),
    ('d4e7cc52-1ca8-55c3-8bfa-2f3ae66535ad', '5e5bd9f4-bd09-5802-9d8b-5cf077f5332a'),
    ('00463a53-77e0-5e75-be2f-2d2dd8a364ed', 'fbc1da73-3032-5b07-81c3-834b369cdbb4'),
    ('c9df8965-367f-59af-a045-ed51445e4a03', '4c9b890c-63bb-55b1-89e4-6935d327a556'),
    ('00463a53-77e0-5e75-be2f-2d2dd8a364ed', '9677d2d0-534a-5834-bb70-8357fe094083'),
    ('c9df8965-367f-59af-a045-ed51445e4a03', '58e738bf-54ce-553f-8c01-9322a4f60b11'),
    ('c9df8965-367f-59af-a045-ed51445e4a03', 'f492b12d-c637-5616-85bb-2a5eed4ad3a3'),
    ('c9df8965-367f-59af-a045-ed51445e4a03', '7ca65d9b-1b5a-57c5-8b9f-af5689290f07'),
    ('cf6b1d4e-6845-5f79-8304-f3b01342f00f', 'ea9ade84-ef31-5f6e-830c-93008709c11a'),
    ('fae72748-0c90-54ea-84ce-13e7d6d03b90', 'c9eb6f09-a37c-50b9-abb7-1dd54c98a49f'),
    ('fae72748-0c90-54ea-84ce-13e7d6d03b90', '43550c20-55bc-5f9a-a8fd-a260997e1759'),
    ('386e8848-0964-5aac-965f-f2f0a3feb7c4', '76fd5ec7-3097-52af-a625-fdbc403797d9'),
    ('c9df8965-367f-59af-a045-ed51445e4a03', '24d1ae2b-6f15-5b63-92fe-3c01cf5151e5'),
    ('c9df8965-367f-59af-a045-ed51445e4a03', '35249f33-50d1-57b2-8f12-fd99ce64cf47'),
    ('00463a53-77e0-5e75-be2f-2d2dd8a364ed', '82cc345e-54ce-569a-9c23-73dab334769a'),
    ('00463a53-77e0-5e75-be2f-2d2dd8a364ed', '784116ea-ea92-5a89-b5b4-1c9060b8b157'),
    ('fae72748-0c90-54ea-84ce-13e7d6d03b90', 'f40c0dff-d0e6-5b3a-aa19-a445c03d54e1'),
    ('fae72748-0c90-54ea-84ce-13e7d6d03b90', 'a62f1b5d-e3c4-5038-bf8c-20ac8cd32658'),
    ('dbe43c25-0e84-5860-a38c-c09c5deaafce', 'efa3894a-48c1-5122-a5dd-1fb9d38caa76'),
    ('dbe43c25-0e84-5860-a38c-c09c5deaafce', '1afdb52a-3c28-5aa6-88f3-87c059d4d6f4'),
    ('dbe43c25-0e84-5860-a38c-c09c5deaafce', '145c51dd-fb96-5a8a-8f2b-0a83aa4ee067'),
    ('dbe43c25-0e84-5860-a38c-c09c5deaafce', 'ef6cff35-bb58-58d6-9ad5-74d373d01035'),
    ('cf6b1d4e-6845-5f79-8304-f3b01342f00f', 'fbae3f1c-2b9a-55c4-9a46-43f90201c1d1'),
    ('82904440-a489-5e4c-b9a9-32d0d1250385', '6b0a98a1-1c86-5fb8-a5c0-d2a1b40510a2'),
    ('d3bf788b-e8b9-51bf-867d-ddc6f030a321', '4c41a1ac-f0cf-5f7a-b87c-41dd760c976b'),
    ('cf6b1d4e-6845-5f79-8304-f3b01342f00f', 'e188aa7c-da5f-505a-96b4-f169416df98d'),
    ('9e088d1b-dd0c-5111-bf7c-7e45dc91f102', '3e0bd307-6448-5c91-9ae5-f434a64a9247'),
    ('9e088d1b-dd0c-5111-bf7c-7e45dc91f102', '619ef56a-a375-5507-83e0-b3d7433492e5'),
    ('9e088d1b-dd0c-5111-bf7c-7e45dc91f102', 'f8d327b2-b0fc-551c-a985-22e3469b4315'),
    ('9e088d1b-dd0c-5111-bf7c-7e45dc91f102', 'f9dde14c-4518-5ba5-9b6b-79f5b75d5799'),
    ('9e088d1b-dd0c-5111-bf7c-7e45dc91f102', '8e8ba3a7-bedb-5473-97ac-a8e34f6a3b2a'),
    ('9e088d1b-dd0c-5111-bf7c-7e45dc91f102', 'c3b747f0-650f-5322-a010-e7b4853d91a6'),
    ('d4e7cc52-1ca8-55c3-8bfa-2f3ae66535ad', '380d1a87-c218-54de-9786-798274eb5886'),
    ('22ac106d-5bbe-54fe-b6fa-86cd3af8edc3', 'd62cbeb2-5c7b-5973-9d04-582e7c9ddfaa'),
    ('9550eee1-3b46-536f-9d26-c69acaeff07d', 'bfef2b35-d06e-5cf5-8e9e-bf1d12faa9bb'),
    ('9550eee1-3b46-536f-9d26-c69acaeff07d', '7cd36315-ac11-5140-8246-001bbf59a88e'),
    ('9550eee1-3b46-536f-9d26-c69acaeff07d', '7637587e-3fd0-56a5-a50f-3ac0dbe9782d'),
    ('9550eee1-3b46-536f-9d26-c69acaeff07d', '909fa919-6960-51dd-89a8-40c634e2402d'),
    ('cf6b1d4e-6845-5f79-8304-f3b01342f00f', '073013fb-eefa-5d10-8b29-9c9a2d5db212'),
    ('cf6b1d4e-6845-5f79-8304-f3b01342f00f', '33bc3fdc-c019-5662-94cb-ba847f705003'),
    ('9550eee1-3b46-536f-9d26-c69acaeff07d', '08227519-604d-5213-b662-d0c9078d6a13'),
    ('9550eee1-3b46-536f-9d26-c69acaeff07d', 'bc01d960-a456-526f-8a09-2bb217741930'),
    ('22ac106d-5bbe-54fe-b6fa-86cd3af8edc3', 'e0dd114e-6e53-5a2e-b89a-9fc8501a83af'),
    ('22ac106d-5bbe-54fe-b6fa-86cd3af8edc3', 'a57d9076-80c7-57bf-9c21-7d47bf7b6990'),
    ('9e088d1b-dd0c-5111-bf7c-7e45dc91f102', 'c260a43e-e518-5808-9eea-6251e4dd2065'),
    ('9e088d1b-dd0c-5111-bf7c-7e45dc91f102', 'e0585eff-e1cd-5169-93ee-6b224f613663'),
    ('9e088d1b-dd0c-5111-bf7c-7e45dc91f102', '276b27f4-f554-5dcc-b9fa-d384dae614fe'),
    ('9e088d1b-dd0c-5111-bf7c-7e45dc91f102', '90a098a3-be20-50a4-b5e7-5bfa026b5e77'),
    ('9e088d1b-dd0c-5111-bf7c-7e45dc91f102', 'b24d3224-214e-5f79-885b-9cf85acb4841'),
    ('00463a53-77e0-5e75-be2f-2d2dd8a364ed', '32569674-216f-531f-b365-64759879094f'),
    ('d4e7cc52-1ca8-55c3-8bfa-2f3ae66535ad', '53774fe1-7833-5af2-9252-6c605c05ed8e'),
    ('d4e7cc52-1ca8-55c3-8bfa-2f3ae66535ad', 'a90af9f6-1ed7-5ca0-b78f-7881802014e7'),
    ('d4e7cc52-1ca8-55c3-8bfa-2f3ae66535ad', '1138b934-57c6-5be0-8a3c-c81e7f830f5d'),
    ('c9df8965-367f-59af-a045-ed51445e4a03', '1248befb-2ca1-5015-af90-cf1fc04ee2b7'),
    ('c9df8965-367f-59af-a045-ed51445e4a03', '10cd9866-3857-57cf-8aca-07ca36dffa21'),
    ('c9df8965-367f-59af-a045-ed51445e4a03', '9d875675-f251-509e-92d5-4ccc462477a3'),
    ('cf6b1d4e-6845-5f79-8304-f3b01342f00f', '3b7a85a7-cf33-518a-8032-638a56a534db'),
    ('12425088-e62b-521b-a438-fea04c4a5c0a', 'd35950e9-41a4-5468-ae1b-dafc93d3bf2f'),
    ('12425088-e62b-521b-a438-fea04c4a5c0a', '75ee78d9-01f9-5863-bae4-9be72bf86405'),
    ('12425088-e62b-521b-a438-fea04c4a5c0a', '6b81f3fa-9d1a-50a4-9e81-1f38f2de5c89'),
    ('12425088-e62b-521b-a438-fea04c4a5c0a', '68194d4b-0e01-5e3f-93be-ae88cb1935a2'),
    ('fae72748-0c90-54ea-84ce-13e7d6d03b90', 'a328db88-45f5-5d3d-ad31-da470eacac3c'),
    ('fae72748-0c90-54ea-84ce-13e7d6d03b90', 'fb72df50-3d9e-54d6-b0ff-40a16c6c4816'),
    ('fae72748-0c90-54ea-84ce-13e7d6d03b90', '2db5db3b-b409-5d32-bc8d-1f83bb0e32a4'),
    ('386e8848-0964-5aac-965f-f2f0a3feb7c4', '94eb5680-d26f-5005-8b5f-abd600188086'),
    ('00463a53-77e0-5e75-be2f-2d2dd8a364ed', '8531aec5-e2af-570f-9862-f47ff334b16a'),
    ('12425088-e62b-521b-a438-fea04c4a5c0a', 'b2fabd42-6e29-501e-9eed-8466de08d564'),
    ('fae72748-0c90-54ea-84ce-13e7d6d03b90', '50d8a427-22aa-5b2e-ab5a-75dec3f92898'),
    ('00463a53-77e0-5e75-be2f-2d2dd8a364ed', '9f92c566-bb26-583a-a238-7664cbdb0be5'),
    ('00463a53-77e0-5e75-be2f-2d2dd8a364ed', 'f0483b2a-3524-595e-9786-03b393d3ed2e'),
    ('00463a53-77e0-5e75-be2f-2d2dd8a364ed', 'ee4826a1-73cd-5516-a7a3-4f92df69f119'),
    ('cf6b1d4e-6845-5f79-8304-f3b01342f00f', '64e66343-8863-595d-940e-382b0d6d67c0'),
    ('9e088d1b-dd0c-5111-bf7c-7e45dc91f102', 'ac7bdad8-2c9a-5cd4-894b-1ac3b0f23ae1'),
    ('00463a53-77e0-5e75-be2f-2d2dd8a364ed', 'b3a5cfde-4ef9-5798-a797-7d4da88bfc60'),
    ('00463a53-77e0-5e75-be2f-2d2dd8a364ed', '81a0dbf5-a073-5253-9e66-6c6b2290e57d'),
    ('00463a53-77e0-5e75-be2f-2d2dd8a364ed', 'e08132d4-7c5c-55de-8cba-9950dbc24b6f'),
    ('00463a53-77e0-5e75-be2f-2d2dd8a364ed', 'fa638d98-af78-5ba2-ab0d-93a97de9cd24'),
    ('dbe43c25-0e84-5860-a38c-c09c5deaafce', '5f3cc3b0-092f-5ef5-b8e8-2ed141bbd017'),
    ('9550eee1-3b46-536f-9d26-c69acaeff07d', '99d7c656-ce54-53b4-bb3f-d182f80be36d'),
    ('9550eee1-3b46-536f-9d26-c69acaeff07d', '87f009ea-2475-5721-a86e-6c4558b5af89'),
    ('9550eee1-3b46-536f-9d26-c69acaeff07d', '79e1275a-b7f3-5681-91b4-76568de7d94b'),
    ('cf6b1d4e-6845-5f79-8304-f3b01342f00f', 'dd628ebd-59b3-5ef9-89a4-9d33b9196bb8'),
    ('cf6b1d4e-6845-5f79-8304-f3b01342f00f', '41e6f075-60f6-5052-9207-113fab7b7fb2'),
    ('9e088d1b-dd0c-5111-bf7c-7e45dc91f102', '3e76f15b-bcf7-5323-a2c4-754d743d0dc4'),
    ('9e088d1b-dd0c-5111-bf7c-7e45dc91f102', '8614f89b-7841-57b4-b93c-b200a05cf8ec'),
    ('9e088d1b-dd0c-5111-bf7c-7e45dc91f102', '81118bd1-7e58-5f07-8c45-6aa9d688b8de'),
    ('9e088d1b-dd0c-5111-bf7c-7e45dc91f102', '6abcca52-a574-56cd-9608-0d415bd1de32'),
    ('9e088d1b-dd0c-5111-bf7c-7e45dc91f102', '674e1c40-cfc0-5caa-962d-9036998468cf'),
    ('9e088d1b-dd0c-5111-bf7c-7e45dc91f102', 'fbc1df7c-38e8-598c-a997-1d65a8e7c8da'),
    ('9e088d1b-dd0c-5111-bf7c-7e45dc91f102', '09a0eaa2-2077-5847-b154-01bb25840b93'),
    ('9e088d1b-dd0c-5111-bf7c-7e45dc91f102', '565af28c-9f99-54db-a882-011358f07ef6'),
    ('9e088d1b-dd0c-5111-bf7c-7e45dc91f102', 'd0b88c03-dc38-5da4-b2cf-a2512546d498'),
    ('cf6b1d4e-6845-5f79-8304-f3b01342f00f', '06e7491d-377b-5a3b-bfca-20755677c656'),
    ('cf6b1d4e-6845-5f79-8304-f3b01342f00f', '23bb111a-592f-59cb-85a9-6fdf62534a63'),
    ('82904440-a489-5e4c-b9a9-32d0d1250385', '0b90f227-37ab-5e86-94da-e2863a470917'),
    ('c9df8965-367f-59af-a045-ed51445e4a03', 'af6d8ec5-8916-5714-aa67-0fa9b9925312'),
    ('82904440-a489-5e4c-b9a9-32d0d1250385', '5cb3bcd2-f8c2-51d2-9261-f7ad3c0000c2'),
    ('cf6b1d4e-6845-5f79-8304-f3b01342f00f', 'e5fb15f7-1844-513d-943f-2450746da7f9'),
    ('9e088d1b-dd0c-5111-bf7c-7e45dc91f102', '149851bf-369e-525c-8824-7597c22174f0'),
    ('c9df8965-367f-59af-a045-ed51445e4a03', 'cc04bc2c-ab64-5c1d-bb44-b975e0505e22'),
    ('c9df8965-367f-59af-a045-ed51445e4a03', '948a4833-877a-5b55-bfa5-45726bddd1a4'),
    ('c9df8965-367f-59af-a045-ed51445e4a03', 'e6895bcd-a245-5aa8-a3ca-218c70574d59'),
    ('c9df8965-367f-59af-a045-ed51445e4a03', '48fa8c42-11fb-5cf3-b2b9-2d02fe281ec7'),
    ('c9df8965-367f-59af-a045-ed51445e4a03', 'b392ad26-4118-5fe3-999b-21e5a7733f7c'),
    ('347beb00-f939-5048-b89e-c51eaef10a04', '7cf2fff2-3b9d-5b29-89df-4877d83e7015'),
    ('347beb00-f939-5048-b89e-c51eaef10a04', 'acbcca83-ac2d-5fed-b550-f75ceb39dee8'),
    ('c9df8965-367f-59af-a045-ed51445e4a03', '5e4dc1bc-b8f9-5159-b8c9-9c883e895dc7'),
    ('c9df8965-367f-59af-a045-ed51445e4a03', '8af18041-d1ff-5d91-8f12-de04f9840d2a'),
    ('00463a53-77e0-5e75-be2f-2d2dd8a364ed', 'fa2cb116-9f29-59aa-a59b-597bec8a9dc5'),
    ('c9df8965-367f-59af-a045-ed51445e4a03', 'd98fdcad-156d-5086-898a-56c4e7d71dbf'),
    ('c9df8965-367f-59af-a045-ed51445e4a03', 'e9794be1-af8b-5270-80c2-1271b5490c99'),
    ('00463a53-77e0-5e75-be2f-2d2dd8a364ed', 'c8dbd187-cbd0-5365-b090-6b21dd6b76a9'),
    ('c9df8965-367f-59af-a045-ed51445e4a03', '2afce3cb-dd2d-57e5-bb4e-e171005f3914'),
    ('9e088d1b-dd0c-5111-bf7c-7e45dc91f102', '61a36783-7dc3-510a-a53f-a2a2f24b35a0'),
    ('c9df8965-367f-59af-a045-ed51445e4a03', 'b519a75c-6406-5102-a671-4098ad6463ef'),
    ('c9df8965-367f-59af-a045-ed51445e4a03', '83ea5ea3-fca8-5dad-80f8-cdedb0efc686'),
    ('9e088d1b-dd0c-5111-bf7c-7e45dc91f102', '721a6e2d-6e74-5fbe-84d4-3172d6129d1d'),
    ('c9df8965-367f-59af-a045-ed51445e4a03', 'b8365222-0727-59cf-9fca-f8f256c3aa12'),
    ('386e8848-0964-5aac-965f-f2f0a3feb7c4', '89f7a5d2-daae-52a4-8834-dc1167ab94db'),
    ('c9df8965-367f-59af-a045-ed51445e4a03', '2bc55212-040d-57a5-8477-bdb7e8d3ece1'),
    ('c9df8965-367f-59af-a045-ed51445e4a03', '20cb80f6-c27c-51d7-b750-61c62b629800'),
    ('fae72748-0c90-54ea-84ce-13e7d6d03b90', 'ab29cf58-58fe-51cf-a826-eeefa2e8aead'),
    ('fae72748-0c90-54ea-84ce-13e7d6d03b90', '13688a1f-f48c-5ea5-beae-a471c25e907e'),
    ('cf6b1d4e-6845-5f79-8304-f3b01342f00f', 'c7a54b16-96f0-5eef-a2b0-e3e9923e1175'),
    ('cf6b1d4e-6845-5f79-8304-f3b01342f00f', '9a276b95-608c-5f7c-bea5-7be1881d6763'),
    ('386e8848-0964-5aac-965f-f2f0a3feb7c4', 'db77625e-6ea0-5bf9-a4ac-32a1d00f9b06'),
    ('386e8848-0964-5aac-965f-f2f0a3feb7c4', 'cc767b60-2cea-594b-be67-4b1e5d0fa504'),
    ('dbe43c25-0e84-5860-a38c-c09c5deaafce', '8c4dccb0-861b-5dfc-bb28-31050a9aecde'),
    ('cf6b1d4e-6845-5f79-8304-f3b01342f00f', 'dbf084f0-62ea-51d7-a1fe-07590a0b6094'),
    ('00463a53-77e0-5e75-be2f-2d2dd8a364ed', '871e861c-aea4-58bd-abe2-c3a61ed921d2'),
    ('d3bf788b-e8b9-51bf-867d-ddc6f030a321', 'cfbcf58c-a1a0-58bc-a50a-17b43ea299e6'),
    ('d4e7cc52-1ca8-55c3-8bfa-2f3ae66535ad', 'a03d0ba9-b294-5822-b584-67a47f10cbb1'),
    ('22ac106d-5bbe-54fe-b6fa-86cd3af8edc3', 'd0d060b3-20aa-5183-823c-a3f9336a7f45'),
    ('9550eee1-3b46-536f-9d26-c69acaeff07d', 'bacd0080-f649-5395-9a58-c19a9d7c00f4'),
    ('9550eee1-3b46-536f-9d26-c69acaeff07d', '8dcfb880-4593-5c83-8dc3-39334cdadbed'),
    ('22ac106d-5bbe-54fe-b6fa-86cd3af8edc3', '42cd3402-33a3-53d7-9b8d-fcf95901bdf3'),
    ('22ac106d-5bbe-54fe-b6fa-86cd3af8edc3', 'e97b73f4-4d5a-5b18-a71f-680319e10eef'),
    ('c9df8965-367f-59af-a045-ed51445e4a03', '83b9605b-6d8f-56c2-8d06-aa8c4948f16d'),
    ('c9df8965-367f-59af-a045-ed51445e4a03', 'd1bef4f0-215c-5728-8360-a8bca5bab180'),
    ('00463a53-77e0-5e75-be2f-2d2dd8a364ed', '87c58b36-0673-56b5-b1bd-3d6fdb36e9c6'),
    ('00463a53-77e0-5e75-be2f-2d2dd8a364ed', 'eead6a68-1f2b-53c5-bc82-f7b928d8beec'),
    ('00463a53-77e0-5e75-be2f-2d2dd8a364ed', 'c0ed0f3b-e9bd-5640-b053-ae5dab461678'),
    ('c9df8965-367f-59af-a045-ed51445e4a03', '40fab5e2-18ee-5a75-9b37-5dea0d33bc9f'),
    ('00463a53-77e0-5e75-be2f-2d2dd8a364ed', '50cd5135-1530-5fb4-b27f-92d48428fd68'),
    ('fae72748-0c90-54ea-84ce-13e7d6d03b90', '850fe1e2-1a9c-5f27-90ae-e1a188056e6d'),
    ('fae72748-0c90-54ea-84ce-13e7d6d03b90', 'd9b9d7fb-1634-5580-a328-495883dd5428'),
    ('cf6b1d4e-6845-5f79-8304-f3b01342f00f', '0aba5b9b-9b61-52a7-a218-967cf33484f3'),
    ('12425088-e62b-521b-a438-fea04c4a5c0a', '8ddfc7e3-652f-5d35-8b4e-c2fd9f7b9bd4'),
    ('12425088-e62b-521b-a438-fea04c4a5c0a', 'dd4bb037-abf9-5b64-a1e9-29cb8e45a1e0'),
    ('12425088-e62b-521b-a438-fea04c4a5c0a', 'd37bf222-75ed-58d0-b382-449875c35eef'),
    ('cf6b1d4e-6845-5f79-8304-f3b01342f00f', 'a10bf42e-79ec-554a-8571-1ab2a3daea1c'),
    ('c9df8965-367f-59af-a045-ed51445e4a03', 'a0675bed-8d38-5222-acbf-d9719f19296c'),
    ('00463a53-77e0-5e75-be2f-2d2dd8a364ed', '5c34806a-8cb6-5ac8-939c-e50667086f37'),
    ('fae72748-0c90-54ea-84ce-13e7d6d03b90', 'a7510cf9-536f-54bc-ac43-4e43d4623d67'),
    ('fae72748-0c90-54ea-84ce-13e7d6d03b90', '065b36e9-4127-5495-9ae3-16cb4a177ef9'),
    ('fae72748-0c90-54ea-84ce-13e7d6d03b90', '87018007-7156-5f30-ab55-74746d60ac5c'),
    ('c9df8965-367f-59af-a045-ed51445e4a03', 'e8f319ab-0851-520a-966e-b3fe63beef09'),
    ('cf6b1d4e-6845-5f79-8304-f3b01342f00f', '665b6442-3ee5-5064-b728-e07a4f1b8e26'),
    ('c9df8965-367f-59af-a045-ed51445e4a03', '7669c2c7-538f-5d2b-bc09-3e562a4768de'),
    ('347beb00-f939-5048-b89e-c51eaef10a04', 'cc405766-4f25-5b04-9020-90b1693609e3'),
    ('347beb00-f939-5048-b89e-c51eaef10a04', 'd600ef16-5a89-51fb-8169-5336aeddc7d4'),
    ('347beb00-f939-5048-b89e-c51eaef10a04', '6afa33b0-c429-56f1-a7fc-f49f33d2ea7c'),
    ('347beb00-f939-5048-b89e-c51eaef10a04', 'aff5625b-7de7-5246-938d-ae374c0a9416'),
    ('9e088d1b-dd0c-5111-bf7c-7e45dc91f102', 'fd514c87-6151-50b6-9a28-893a562b7eff'),
    ('00463a53-77e0-5e75-be2f-2d2dd8a364ed', '5cf47cfb-215d-5a70-87e1-4944ff4ccd4f'),
    ('cf6b1d4e-6845-5f79-8304-f3b01342f00f', '6ea2063b-d301-5d16-975c-9c7f2f176408'),
    ('cf6b1d4e-6845-5f79-8304-f3b01342f00f', '8cac8501-366f-5eee-aa6f-5fc63a9a7193'),
    ('00463a53-77e0-5e75-be2f-2d2dd8a364ed', '412c2b5e-f6dc-5d65-a818-d3a96117c17b'),
    ('dbe43c25-0e84-5860-a38c-c09c5deaafce', 'dc2e47e1-fea3-530a-84eb-5fc7d262767b'),
    ('dbe43c25-0e84-5860-a38c-c09c5deaafce', 'f094215c-5ef9-5b56-9750-7b111e25a829'),
    ('dbe43c25-0e84-5860-a38c-c09c5deaafce', '334d85ed-df16-5008-ab29-ca9dbb8d8ff6'),
    ('dbe43c25-0e84-5860-a38c-c09c5deaafce', '622589b9-9fcc-52ca-b040-cb4d7040bbf9'),
    ('cf6b1d4e-6845-5f79-8304-f3b01342f00f', 'c95183ae-acc1-5ccb-8e68-f934c65cd991'),
    ('82904440-a489-5e4c-b9a9-32d0d1250385', '6e4327ee-465a-5f57-a90f-5f76b2fb1404'),
    ('00463a53-77e0-5e75-be2f-2d2dd8a364ed', 'd527706a-43de-5b01-8a48-7a2f819268f5'),
    ('00463a53-77e0-5e75-be2f-2d2dd8a364ed', '2b21ad81-9fec-5838-ae82-7ea271f22d5a'),
    ('82904440-a489-5e4c-b9a9-32d0d1250385', '612fb54e-a192-5dc0-97f7-81ab2bd663c3'),
    ('00463a53-77e0-5e75-be2f-2d2dd8a364ed', '68f6ba67-24f0-5c94-8384-99996852c29c'),
    ('00463a53-77e0-5e75-be2f-2d2dd8a364ed', '676d645a-e77b-5c21-b5ef-0081eedc0a6d'),
    ('00463a53-77e0-5e75-be2f-2d2dd8a364ed', 'c7a25147-3684-56f2-bdad-81bca271f881'),
    ('00463a53-77e0-5e75-be2f-2d2dd8a364ed', 'adca7be8-03cb-5e68-8fac-288b5599278e'),
    ('cf6b1d4e-6845-5f79-8304-f3b01342f00f', '559b3071-76a4-58af-ab71-a6a26ac68f33'),
    ('9e088d1b-dd0c-5111-bf7c-7e45dc91f102', 'ab9f3402-0a49-5b62-aa5f-c4a7e999280a'),
    ('9e088d1b-dd0c-5111-bf7c-7e45dc91f102', '3680858d-b5f5-5e65-b13f-32de1be4ca3a'),
    ('cf6b1d4e-6845-5f79-8304-f3b01342f00f', '67672c4c-9045-5d48-9b85-2ffa9b1038b1'),
    ('cf6b1d4e-6845-5f79-8304-f3b01342f00f', 'aa88395b-2f90-5410-96cb-322ff85d63dc'),
    ('d4e7cc52-1ca8-55c3-8bfa-2f3ae66535ad', '12c6fd16-9b78-59f8-a2e1-f0ed8d0aeb56'),
    ('22ac106d-5bbe-54fe-b6fa-86cd3af8edc3', 'd9c943cd-395c-505d-9f89-65d47a0333c5'),
    ('9550eee1-3b46-536f-9d26-c69acaeff07d', 'b93325a4-6e22-5fab-b75b-e8b89a9b75f6'),
    ('00463a53-77e0-5e75-be2f-2d2dd8a364ed', '6e717191-08a7-5cba-9ae1-b0032d0e6b24'),
    ('00463a53-77e0-5e75-be2f-2d2dd8a364ed', 'ef47c6f3-c408-5dc8-9042-048ea1309885'),
    ('9550eee1-3b46-536f-9d26-c69acaeff07d', 'd9d22c58-034e-5412-b8a1-e8cccd4548f4'),
    ('9550eee1-3b46-536f-9d26-c69acaeff07d', '27b97594-1254-59e9-b12c-64f108bef1ee'),
    ('22ac106d-5bbe-54fe-b6fa-86cd3af8edc3', '48a0110c-7d2a-520f-9a21-324131dff26b'),
    ('22ac106d-5bbe-54fe-b6fa-86cd3af8edc3', '792f0166-12f7-5bd8-87f7-ea87887712c2'),
    ('9550eee1-3b46-536f-9d26-c69acaeff07d', '22ca920e-e797-507e-9d46-f947b1665fd5'),
    ('386e8848-0964-5aac-965f-f2f0a3feb7c4', 'b64b42bd-0008-53c5-ac1b-6a1789fd0f4d'),
    ('9e088d1b-dd0c-5111-bf7c-7e45dc91f102', '5c1f2d3f-4e11-5563-9a62-dfcb0e5812a7'),
    ('00463a53-77e0-5e75-be2f-2d2dd8a364ed', '946e9644-2b60-5546-95f2-fbf87dd7abe5'),
    ('00463a53-77e0-5e75-be2f-2d2dd8a364ed', '17965407-ce84-5770-8ace-166f630e29b7'),
    ('9e088d1b-dd0c-5111-bf7c-7e45dc91f102', 'c69e0ddf-996e-511b-ad7e-ec63fa23a452'),
    ('9e088d1b-dd0c-5111-bf7c-7e45dc91f102', '04bf5403-9b6f-5520-ab76-1db67a0910a7'),
    ('cf6b1d4e-6845-5f79-8304-f3b01342f00f', '2bb67276-c2c3-5801-9269-0e5f9bc02750'),
    ('00463a53-77e0-5e75-be2f-2d2dd8a364ed', '17a5e3c0-2db6-5642-87a5-debf030d9532'),
    ('c9df8965-367f-59af-a045-ed51445e4a03', 'eb07b45f-6915-5bfc-8215-4a095fe75559'),
    ('c9df8965-367f-59af-a045-ed51445e4a03', 'dc9d3482-8f0e-5604-9c68-268e7d3bc8b7'),
    ('cf6b1d4e-6845-5f79-8304-f3b01342f00f', '0f4635a3-e4b9-50f8-831a-3c9e5c029489'),
    ('cf6b1d4e-6845-5f79-8304-f3b01342f00f', 'd42b0964-c9cb-5274-b101-f1888cd74205'),
    ('00463a53-77e0-5e75-be2f-2d2dd8a364ed', '4b0500f1-ff30-55d8-a816-c70b07f5712d'),
    ('00463a53-77e0-5e75-be2f-2d2dd8a364ed', '1d675389-6002-5fb2-805d-e9d8b27c2a33'),
    ('fae72748-0c90-54ea-84ce-13e7d6d03b90', '302d98fa-3b21-556e-9e94-7071c56b6644'),
    ('fae72748-0c90-54ea-84ce-13e7d6d03b90', '786cf71f-5cd2-546b-848f-c8129a41999e'),
    ('386e8848-0964-5aac-965f-f2f0a3feb7c4', 'ee755d6d-b4d4-55dc-b588-594ba22a6ca0'),
    ('386e8848-0964-5aac-965f-f2f0a3feb7c4', 'c57b3ec0-93ce-592d-97b2-d10dbb3de18e'),
    ('00463a53-77e0-5e75-be2f-2d2dd8a364ed', '103efe17-3808-53af-9baf-d7ef382f5066'),
    ('c9df8965-367f-59af-a045-ed51445e4a03', 'bc5bfb95-4108-5cfe-abe2-fc0dc97ac7c1'),
    ('00463a53-77e0-5e75-be2f-2d2dd8a364ed', '47c75641-ce75-54bb-bd02-57155d686087'),
    ('00463a53-77e0-5e75-be2f-2d2dd8a364ed', 'bebef6a8-9539-5202-ac37-687a1a8d9b8a'),
    ('cf6b1d4e-6845-5f79-8304-f3b01342f00f', 'e493f60f-1af6-5f49-adc4-6eede44b7888'),
    ('00463a53-77e0-5e75-be2f-2d2dd8a364ed', 'a3c5bce6-1715-5ce5-a0fb-06ddb9b1b8b5'),
    ('00463a53-77e0-5e75-be2f-2d2dd8a364ed', '452e7dd7-692d-5fe1-b5f6-31b4a7872e3f'),
    ('cf6b1d4e-6845-5f79-8304-f3b01342f00f', 'b6cc8ecb-95f6-5450-852e-d471f8854c7d'),
    ('9550eee1-3b46-536f-9d26-c69acaeff07d', '25defd23-b680-599a-b2a5-9e98deef7c63'),
    ('9e088d1b-dd0c-5111-bf7c-7e45dc91f102', '92fefeed-9bcb-5bd2-b16b-ea5796468fc6'),
    ('cf6b1d4e-6845-5f79-8304-f3b01342f00f', '6a2fcf85-7a61-5790-a75a-94f9728d8d74'),
    ('00463a53-77e0-5e75-be2f-2d2dd8a364ed', 'da3847f2-36c9-579f-9761-b33cbd97519f'),
    ('d4e7cc52-1ca8-55c3-8bfa-2f3ae66535ad', 'a8b2dad9-a597-5ff5-afb5-a4e6a06e24f7'),
    ('9e088d1b-dd0c-5111-bf7c-7e45dc91f102', '5cbff712-b8ae-530e-81e0-654ccb636f2e'),
    ('00463a53-77e0-5e75-be2f-2d2dd8a364ed', '07c7d628-4b9b-5e8b-92c7-0c618d4c9433'),
    ('cf6b1d4e-6845-5f79-8304-f3b01342f00f', '559d040c-caf3-5c92-bb40-dcedb8ef7f19'),
    ('82904440-a489-5e4c-b9a9-32d0d1250385', '3bb4fefa-2da3-5f0f-821a-18756c2adf27'),
    ('c9df8965-367f-59af-a045-ed51445e4a03', '851aa737-8b37-5cca-af39-869e5065563c'),
    ('c9df8965-367f-59af-a045-ed51445e4a03', '5818ec53-6260-5cb7-867d-71585a74606b'),
    ('cf6b1d4e-6845-5f79-8304-f3b01342f00f', 'c1dfe740-cffc-5bc6-8746-fb7b7e49793d'),
    ('cf6b1d4e-6845-5f79-8304-f3b01342f00f', '806abba6-b003-564b-99bf-ebc8ee10e52b'),
    ('9e088d1b-dd0c-5111-bf7c-7e45dc91f102', 'fe469e61-e63f-5229-8abb-0fd8f123594c'),
    ('cf6b1d4e-6845-5f79-8304-f3b01342f00f', '74978936-9917-5103-900d-cac3602cbbc0'),
    ('cf6b1d4e-6845-5f79-8304-f3b01342f00f', '0d3261ea-c2cd-5bbf-ae71-f02609f3c9d0'),
    ('00463a53-77e0-5e75-be2f-2d2dd8a364ed', '0fbdeebb-4a80-552d-b133-611139617834'),
    ('d4e7cc52-1ca8-55c3-8bfa-2f3ae66535ad', '00f83fef-0443-5dd1-a80f-0b1a9538124d'),
    ('dbe43c25-0e84-5860-a38c-c09c5deaafce', '6db832a3-f7de-5b0f-8adf-f7b0603c14cc'),
    ('dbe43c25-0e84-5860-a38c-c09c5deaafce', '40587247-379a-572f-86eb-2460bd6043db'),
    ('9550eee1-3b46-536f-9d26-c69acaeff07d', '2cbbf2d3-ab65-5e5f-8bb3-847c4265d0fc'),
    ('cf6b1d4e-6845-5f79-8304-f3b01342f00f', '2eddc752-7956-5628-aab7-cf4ee261c157'),
    ('cf6b1d4e-6845-5f79-8304-f3b01342f00f', 'c01b2c7a-7547-51e7-9d04-74624badbfef'),
    ('cf6b1d4e-6845-5f79-8304-f3b01342f00f', '84ebbc31-66aa-5814-948c-5999effba65f'),
    ('00463a53-77e0-5e75-be2f-2d2dd8a364ed', '5543f089-bb63-5f5f-9d3a-ffd924526253'),
    ('cf6b1d4e-6845-5f79-8304-f3b01342f00f', '5f1952c0-2ac7-5856-893f-d55bc26d07c9')
ON CONFLICT (activity_tag_id, activity_id) DO NOTHING;

-- Target groups from the section flag columns (Ledare/Funktionärer have no
-- target_group enum value and are not imported).
INSERT INTO activity_target_group (activity_id, target_group)
VALUES
    ('a6b93ca9-1418-5ac3-b668-6429c1023514', 'rover'),
    ('b208a2a7-08dd-58c5-bd88-3084dbeb9436', 'rover'),
    ('e5d2c766-cc40-5a2f-8488-f05fc8820572', 'upptackare'),
    ('37c3e713-0561-55fd-9900-4bc20f8899e5', 'upptackare'),
    ('37c3e713-0561-55fd-9900-4bc20f8899e5', 'aventyrare'),
    ('37c3e713-0561-55fd-9900-4bc20f8899e5', 'utmanare'),
    ('37c3e713-0561-55fd-9900-4bc20f8899e5', 'rover'),
    ('a5cd670d-4c43-5400-8f5f-bf4da7113ac8', 'aventyrare'),
    ('a5cd670d-4c43-5400-8f5f-bf4da7113ac8', 'utmanare'),
    ('d6394f2b-7a4b-53ac-9287-aef7f65359aa', 'aventyrare'),
    ('d6394f2b-7a4b-53ac-9287-aef7f65359aa', 'utmanare'),
    ('ce006bf2-571c-5af3-acb1-9b09812bfe7d', 'upptackare'),
    ('c1addd1a-13ff-5c26-b804-be51a43dd6e1', 'upptackare'),
    ('b2bac4bb-2eac-5205-9326-f21c7701cae2', 'upptackare'),
    ('f81290e7-83ef-5704-96e7-c312916f3658', 'upptackare'),
    ('678980c6-bcec-54df-868d-dee8cb79c7f8', 'upptackare'),
    ('1b0ad30f-07f7-599f-b0ed-f52358c885e2', 'upptackare'),
    ('d28215c6-a981-5223-a703-3d7156437d79', 'upptackare'),
    ('4f3dd97a-571d-515c-8e73-f7a0ca192da9', 'upptackare'),
    ('f123cd57-0cd6-5e71-8993-fe631c0ae9e3', 'upptackare'),
    ('2c9884a6-d823-5905-b717-d54d9ae3bd6e', 'upptackare'),
    ('49f455f9-9b5c-5bc2-8db3-b80189e30a26', 'rover'),
    ('0c73e5da-a930-528b-9b49-95a22f35655c', 'aventyrare'),
    ('0c73e5da-a930-528b-9b49-95a22f35655c', 'utmanare'),
    ('86f8c015-5b80-584c-b685-f5a9dfaa9a20', 'upptackare'),
    ('86f8c015-5b80-584c-b685-f5a9dfaa9a20', 'aventyrare'),
    ('86f8c015-5b80-584c-b685-f5a9dfaa9a20', 'utmanare'),
    ('86f8c015-5b80-584c-b685-f5a9dfaa9a20', 'rover'),
    ('9abfb6d5-fa00-5280-8715-fb53fa0c6c1f', 'upptackare'),
    ('fd6b5c43-abd1-54da-8012-c4eba92dea0b', 'rover'),
    ('73ca9e93-b4e0-5bf2-80c8-5b6448b9bb3f', 'rover'),
    ('481c9c0a-07c9-5a8b-a45b-d5622bfe5c09', 'utmanare'),
    ('481c9c0a-07c9-5a8b-a45b-d5622bfe5c09', 'rover'),
    ('afa104af-7392-57ba-b646-75279a3b5d77', 'utmanare'),
    ('afa104af-7392-57ba-b646-75279a3b5d77', 'rover'),
    ('078a02ed-a35c-5d31-9381-6bd61542ec9b', 'upptackare'),
    ('078a02ed-a35c-5d31-9381-6bd61542ec9b', 'aventyrare'),
    ('078a02ed-a35c-5d31-9381-6bd61542ec9b', 'utmanare'),
    ('078a02ed-a35c-5d31-9381-6bd61542ec9b', 'rover'),
    ('09f413be-effc-51c9-93b9-edefb32ab4c3', 'rover'),
    ('82dcf744-eed3-5e77-acda-c48b509fd9e2', 'rover'),
    ('126a1410-5896-5224-833c-28b5b9a0fd38', 'upptackare'),
    ('126a1410-5896-5224-833c-28b5b9a0fd38', 'aventyrare'),
    ('126a1410-5896-5224-833c-28b5b9a0fd38', 'utmanare'),
    ('126a1410-5896-5224-833c-28b5b9a0fd38', 'rover'),
    ('c97167ff-5519-5965-a8dc-3113c9f52289', 'upptackare'),
    ('c97167ff-5519-5965-a8dc-3113c9f52289', 'aventyrare'),
    ('c97167ff-5519-5965-a8dc-3113c9f52289', 'utmanare'),
    ('c97167ff-5519-5965-a8dc-3113c9f52289', 'rover'),
    ('7986095f-e2ca-515a-b331-42eecc9a6daf', 'upptackare'),
    ('7986095f-e2ca-515a-b331-42eecc9a6daf', 'aventyrare'),
    ('7986095f-e2ca-515a-b331-42eecc9a6daf', 'utmanare'),
    ('7986095f-e2ca-515a-b331-42eecc9a6daf', 'rover'),
    ('58969b83-d19a-5feb-aa0a-ab79ed50dd95', 'upptackare'),
    ('5086036b-0cfc-5c68-8806-3fbd222e70f6', 'upptackare'),
    ('55a02dd6-aa42-57ba-b881-40f6f6187613', 'upptackare'),
    ('5f85b46c-f9b2-50e8-b8fb-04b42d02d27b', 'upptackare'),
    ('a6c40518-a47f-5846-8fbe-9deca32f61a7', 'upptackare'),
    ('a8ada774-7cc9-5c31-8ce4-f5b97367d89b', 'upptackare'),
    ('b518a741-3087-5e95-87ce-92a7576252eb', 'upptackare'),
    ('a82c89e0-c1a7-5dd4-94ea-4822a33d8c1e', 'upptackare'),
    ('71e5768c-7fb5-5bbf-9fdb-c68c208a443c', 'upptackare'),
    ('713733d3-32d9-5ea1-833b-3886d0c554ec', 'upptackare'),
    ('f0640f56-7792-5307-ba6d-6cec88b13c70', 'upptackare'),
    ('37764be9-d7ba-58c8-b2f9-21497bd0a997', 'upptackare'),
    ('9ddf4439-267d-5f4c-9b9e-1ef7c400800d', 'upptackare'),
    ('94ba81dd-0877-5b6a-a074-4c0739ce6d19', 'upptackare'),
    ('7a7c0e31-d225-57a6-b418-d3c0a7c045c7', 'upptackare'),
    ('f00f9619-668b-5af6-8b49-08b5247c50fe', 'upptackare'),
    ('ee79360a-a81d-5f70-a42e-64f1ed0310cf', 'utmanare'),
    ('e7e035d4-ad8b-55da-a308-532d5a9bbafb', 'utmanare'),
    ('a25e5238-61a2-5523-95b3-2aea9004e56c', 'aventyrare'),
    ('4bc7bc39-ae07-537a-909d-916a292f7da9', 'aventyrare'),
    ('94e0e7e2-dab6-5457-8ab5-5fe45151ecb0', 'aventyrare'),
    ('8839a2d8-5ded-531d-866e-a15a7c66f66e', 'aventyrare'),
    ('cef3019f-0305-56a0-8b32-d930994ef82f', 'aventyrare'),
    ('76bbce09-a748-51b2-9bdc-abd08d3865f5', 'rover'),
    ('90db323c-56d0-5fa9-9826-9b1cc6e2eab5', 'aventyrare'),
    ('90db323c-56d0-5fa9-9826-9b1cc6e2eab5', 'utmanare'),
    ('17786f13-ca1b-5efe-acf4-e633f2dfac3b', 'aventyrare'),
    ('17786f13-ca1b-5efe-acf4-e633f2dfac3b', 'utmanare'),
    ('17786f13-ca1b-5efe-acf4-e633f2dfac3b', 'rover'),
    ('ab44ffae-97b5-5311-9d76-5b96e79ba50e', 'aventyrare'),
    ('ab44ffae-97b5-5311-9d76-5b96e79ba50e', 'utmanare'),
    ('ab44ffae-97b5-5311-9d76-5b96e79ba50e', 'rover'),
    ('17af255f-d728-5c22-b076-8daae5474bde', 'aventyrare'),
    ('17af255f-d728-5c22-b076-8daae5474bde', 'utmanare'),
    ('17af255f-d728-5c22-b076-8daae5474bde', 'rover'),
    ('272ef6c8-ac23-5c2c-ba08-6b401086f499', 'aventyrare'),
    ('272ef6c8-ac23-5c2c-ba08-6b401086f499', 'utmanare'),
    ('272ef6c8-ac23-5c2c-ba08-6b401086f499', 'rover'),
    ('5699fdf0-232b-5511-a0c9-aaaf232dd936', 'aventyrare'),
    ('5699fdf0-232b-5511-a0c9-aaaf232dd936', 'utmanare'),
    ('fe751b3a-b3f9-502e-9c5d-dc79d7cf9127', 'utmanare'),
    ('fe751b3a-b3f9-502e-9c5d-dc79d7cf9127', 'rover'),
    ('734e4cf4-1485-5454-b7fe-ecbb03977bd2', 'utmanare'),
    ('734e4cf4-1485-5454-b7fe-ecbb03977bd2', 'rover'),
    ('647fd0b0-c417-51e0-a2ee-5e712e2d22a9', 'aventyrare'),
    ('647fd0b0-c417-51e0-a2ee-5e712e2d22a9', 'utmanare'),
    ('647fd0b0-c417-51e0-a2ee-5e712e2d22a9', 'rover'),
    ('4aa4dd5c-2187-530b-a0c9-e006024efeb6', 'aventyrare'),
    ('4aa4dd5c-2187-530b-a0c9-e006024efeb6', 'utmanare'),
    ('4aa4dd5c-2187-530b-a0c9-e006024efeb6', 'rover'),
    ('b881e453-dc15-5666-8710-604f137374f4', 'utmanare'),
    ('b881e453-dc15-5666-8710-604f137374f4', 'rover'),
    ('8905edbc-6fdb-52fd-96d1-c72ab1c30911', 'aventyrare'),
    ('8905edbc-6fdb-52fd-96d1-c72ab1c30911', 'utmanare'),
    ('8905edbc-6fdb-52fd-96d1-c72ab1c30911', 'rover'),
    ('bf3c8d00-859a-5c2e-a139-0485003a95c9', 'upptackare'),
    ('bf3c8d00-859a-5c2e-a139-0485003a95c9', 'aventyrare'),
    ('bf3c8d00-859a-5c2e-a139-0485003a95c9', 'utmanare'),
    ('bf3c8d00-859a-5c2e-a139-0485003a95c9', 'rover'),
    ('b7235adc-a125-5e79-ad36-3d28925747fa', 'upptackare'),
    ('b7235adc-a125-5e79-ad36-3d28925747fa', 'aventyrare'),
    ('b7235adc-a125-5e79-ad36-3d28925747fa', 'utmanare'),
    ('b7235adc-a125-5e79-ad36-3d28925747fa', 'rover'),
    ('ba62753e-ace6-5ea7-815c-5355dca33497', 'upptackare'),
    ('ba62753e-ace6-5ea7-815c-5355dca33497', 'aventyrare'),
    ('ba62753e-ace6-5ea7-815c-5355dca33497', 'utmanare'),
    ('ba62753e-ace6-5ea7-815c-5355dca33497', 'rover'),
    ('81fd232c-9acd-5f53-9f59-d4c4d22918b4', 'upptackare'),
    ('81fd232c-9acd-5f53-9f59-d4c4d22918b4', 'aventyrare'),
    ('81fd232c-9acd-5f53-9f59-d4c4d22918b4', 'utmanare'),
    ('81fd232c-9acd-5f53-9f59-d4c4d22918b4', 'rover'),
    ('751041eb-638b-58d8-b8b1-073554dac7c0', 'rover'),
    ('928bac10-8819-5e75-887e-c412e38e8a1b', 'rover'),
    ('d61cc0ed-dde9-5a95-874f-6a394d470fb7', 'rover'),
    ('a9f73bb3-1833-59c7-b061-cc71f236a1a4', 'upptackare'),
    ('a9f73bb3-1833-59c7-b061-cc71f236a1a4', 'aventyrare'),
    ('a9f73bb3-1833-59c7-b061-cc71f236a1a4', 'utmanare'),
    ('a9f73bb3-1833-59c7-b061-cc71f236a1a4', 'rover'),
    ('1377d746-b0c3-5ec7-b903-81903fd3ca55', 'utmanare'),
    ('1377d746-b0c3-5ec7-b903-81903fd3ca55', 'rover'),
    ('d5380b5b-9d81-54b7-b3cf-054603ee33cd', 'upptackare'),
    ('d5380b5b-9d81-54b7-b3cf-054603ee33cd', 'aventyrare'),
    ('d5380b5b-9d81-54b7-b3cf-054603ee33cd', 'utmanare'),
    ('d5380b5b-9d81-54b7-b3cf-054603ee33cd', 'rover'),
    ('471e7101-bac5-54a5-93ab-1c57addf4105', 'upptackare'),
    ('471e7101-bac5-54a5-93ab-1c57addf4105', 'aventyrare'),
    ('471e7101-bac5-54a5-93ab-1c57addf4105', 'utmanare'),
    ('471e7101-bac5-54a5-93ab-1c57addf4105', 'rover'),
    ('27793f1c-f0cf-582f-a2cc-984ccd421417', 'rover'),
    ('a98b2543-6025-5462-b449-bf810ebce753', 'rover'),
    ('b5eb6a48-0a1f-5e2b-8848-f6880c4a7d55', 'rover'),
    ('b8961dd7-94d3-5faa-8539-28d23be901a1', 'rover'),
    ('93cb71c7-13b9-5a05-8112-161e8c30c1e1', 'rover'),
    ('dcbe3520-35fd-5bf1-bc01-3bf4420c7f3a', 'rover'),
    ('7272a920-5a32-5747-ad7f-3878aeece0ad', 'upptackare'),
    ('7272a920-5a32-5747-ad7f-3878aeece0ad', 'aventyrare'),
    ('7272a920-5a32-5747-ad7f-3878aeece0ad', 'utmanare'),
    ('7272a920-5a32-5747-ad7f-3878aeece0ad', 'rover'),
    ('a371cfb1-38a6-5be9-a02d-0e5d373d5012', 'upptackare'),
    ('a371cfb1-38a6-5be9-a02d-0e5d373d5012', 'aventyrare'),
    ('a371cfb1-38a6-5be9-a02d-0e5d373d5012', 'utmanare'),
    ('a371cfb1-38a6-5be9-a02d-0e5d373d5012', 'rover'),
    ('ffcc33c5-3e99-52ea-924b-56e7269e3a4b', 'upptackare'),
    ('ffcc33c5-3e99-52ea-924b-56e7269e3a4b', 'aventyrare'),
    ('ffcc33c5-3e99-52ea-924b-56e7269e3a4b', 'utmanare'),
    ('ffcc33c5-3e99-52ea-924b-56e7269e3a4b', 'rover'),
    ('f04f2856-0477-53a0-9e44-0e2ad5fbb70d', 'upptackare'),
    ('419a5558-d525-5f10-a9f3-467c8d860321', 'upptackare'),
    ('b327ec08-141c-5c24-8e0c-6c57cbe914a9', 'upptackare'),
    ('340bf173-a87f-5fc4-8101-06d9ffcdf112', 'upptackare'),
    ('bd47dc77-2923-5247-8d41-6f2988fc9d42', 'upptackare'),
    ('ab7e0f8c-d271-51c9-8f20-144f2b28fd6c', 'upptackare'),
    ('697113d8-32f1-5248-acd9-5d4f21d2b815', 'upptackare'),
    ('8cf6c9a5-0572-5fb7-97e8-f2a0b86f970f', 'upptackare'),
    ('a15d66d0-7cca-50de-a4b0-717651865798', 'upptackare'),
    ('610885be-25c9-51f7-b3aa-4abb9f1a4b73', 'upptackare'),
    ('c7dce563-ead5-5d00-ade9-cc7796b5f2b3', 'upptackare'),
    ('e392b8e1-350c-5a6b-87c9-bd98f96558f3', 'upptackare'),
    ('87e1b1cb-9009-546b-955a-c1756d87737f', 'upptackare'),
    ('9e60857a-fe9c-56b0-95da-eac7249b4d07', 'upptackare'),
    ('973ad700-673a-5f3a-b186-3bb43e890bb3', 'upptackare'),
    ('e8084f74-02e6-52b8-83c3-3919e0701795', 'upptackare'),
    ('bc6ab101-53ed-5514-a44e-bdf5ddd57962', 'upptackare'),
    ('9cf4dfd8-d2d6-58aa-be42-2bffdc4488ac', 'utmanare'),
    ('2250b265-08b5-5ada-ac0c-d982c9a4a0e4', 'utmanare'),
    ('0d878812-5868-5f0a-bab4-2001c0fafcdc', 'utmanare'),
    ('4e3821d7-8615-5f3e-8829-7000f05c9711', 'utmanare'),
    ('a6700f46-99c8-57f6-b195-df8de00b2a99', 'utmanare'),
    ('9e29c220-5584-5735-b757-27f5f9b5d57e', 'utmanare'),
    ('6da1cb24-e376-514e-a5d5-7da3c4c45660', 'utmanare'),
    ('9c14b462-2c71-5f6d-8b04-59300e848a77', 'aventyrare'),
    ('f9be63fd-339d-559e-9591-0c9ef66e9e2a', 'aventyrare'),
    ('a32d19c5-987d-5fca-a48a-39d55d8bdc16', 'aventyrare'),
    ('5e5bd9f4-bd09-5802-9d8b-5cf077f5332a', 'aventyrare'),
    ('fbc1da73-3032-5b07-81c3-834b369cdbb4', 'upptackare'),
    ('fbc1da73-3032-5b07-81c3-834b369cdbb4', 'aventyrare'),
    ('fbc1da73-3032-5b07-81c3-834b369cdbb4', 'utmanare'),
    ('fbc1da73-3032-5b07-81c3-834b369cdbb4', 'rover'),
    ('4c9b890c-63bb-55b1-89e4-6935d327a556', 'utmanare'),
    ('4c9b890c-63bb-55b1-89e4-6935d327a556', 'rover'),
    ('9677d2d0-534a-5834-bb70-8357fe094083', 'rover'),
    ('f492b12d-c637-5616-85bb-2a5eed4ad3a3', 'aventyrare'),
    ('f492b12d-c637-5616-85bb-2a5eed4ad3a3', 'utmanare'),
    ('f492b12d-c637-5616-85bb-2a5eed4ad3a3', 'rover'),
    ('7ca65d9b-1b5a-57c5-8b9f-af5689290f07', 'aventyrare'),
    ('7ca65d9b-1b5a-57c5-8b9f-af5689290f07', 'utmanare'),
    ('7ca65d9b-1b5a-57c5-8b9f-af5689290f07', 'rover'),
    ('ea9ade84-ef31-5f6e-830c-93008709c11a', 'upptackare'),
    ('ea9ade84-ef31-5f6e-830c-93008709c11a', 'aventyrare'),
    ('ea9ade84-ef31-5f6e-830c-93008709c11a', 'utmanare'),
    ('ea9ade84-ef31-5f6e-830c-93008709c11a', 'rover'),
    ('c9eb6f09-a37c-50b9-abb7-1dd54c98a49f', 'rover'),
    ('43550c20-55bc-5f9a-a8fd-a260997e1759', 'rover'),
    ('76fd5ec7-3097-52af-a625-fdbc403797d9', 'utmanare'),
    ('76fd5ec7-3097-52af-a625-fdbc403797d9', 'rover'),
    ('35249f33-50d1-57b2-8f12-fd99ce64cf47', 'rover'),
    ('82cc345e-54ce-569a-9c23-73dab334769a', 'rover'),
    ('784116ea-ea92-5a89-b5b4-1c9060b8b157', 'rover'),
    ('f40c0dff-d0e6-5b3a-aa19-a445c03d54e1', 'rover'),
    ('a62f1b5d-e3c4-5038-bf8c-20ac8cd32658', 'rover'),
    ('efa3894a-48c1-5122-a5dd-1fb9d38caa76', 'rover'),
    ('1afdb52a-3c28-5aa6-88f3-87c059d4d6f4', 'rover'),
    ('145c51dd-fb96-5a8a-8f2b-0a83aa4ee067', 'rover'),
    ('ef6cff35-bb58-58d6-9ad5-74d373d01035', 'rover'),
    ('fbae3f1c-2b9a-55c4-9a46-43f90201c1d1', 'upptackare'),
    ('fbae3f1c-2b9a-55c4-9a46-43f90201c1d1', 'aventyrare'),
    ('fbae3f1c-2b9a-55c4-9a46-43f90201c1d1', 'utmanare'),
    ('fbae3f1c-2b9a-55c4-9a46-43f90201c1d1', 'rover'),
    ('6b0a98a1-1c86-5fb8-a5c0-d2a1b40510a2', 'upptackare'),
    ('6b0a98a1-1c86-5fb8-a5c0-d2a1b40510a2', 'aventyrare'),
    ('6b0a98a1-1c86-5fb8-a5c0-d2a1b40510a2', 'utmanare'),
    ('6b0a98a1-1c86-5fb8-a5c0-d2a1b40510a2', 'rover'),
    ('4c41a1ac-f0cf-5f7a-b87c-41dd760c976b', 'upptackare'),
    ('4c41a1ac-f0cf-5f7a-b87c-41dd760c976b', 'aventyrare'),
    ('4c41a1ac-f0cf-5f7a-b87c-41dd760c976b', 'utmanare'),
    ('4c41a1ac-f0cf-5f7a-b87c-41dd760c976b', 'rover'),
    ('c65ebccd-58df-5af6-9536-7bace9994258', 'upptackare'),
    ('e188aa7c-da5f-505a-96b4-f169416df98d', 'upptackare'),
    ('3e0bd307-6448-5c91-9ae5-f434a64a9247', 'upptackare'),
    ('619ef56a-a375-5507-83e0-b3d7433492e5', 'upptackare'),
    ('f8d327b2-b0fc-551c-a985-22e3469b4315', 'upptackare'),
    ('f9dde14c-4518-5ba5-9b6b-79f5b75d5799', 'upptackare'),
    ('8e8ba3a7-bedb-5473-97ac-a8e34f6a3b2a', 'upptackare'),
    ('c3b747f0-650f-5322-a010-e7b4853d91a6', 'upptackare'),
    ('2343ac25-6632-5756-9f35-54cb001e1ecf', 'upptackare'),
    ('70b9d463-b701-51a2-8dfc-bc9cd4960320', 'upptackare'),
    ('380d1a87-c218-54de-9786-798274eb5886', 'upptackare'),
    ('d62cbeb2-5c7b-5973-9d04-582e7c9ddfaa', 'upptackare'),
    ('c03d4b03-d5bd-5390-bff7-67ee16b7504b', 'upptackare'),
    ('c647db8f-e85b-5c1d-baf6-1d32df54ca96', 'upptackare'),
    ('bfef2b35-d06e-5cf5-8e9e-bf1d12faa9bb', 'upptackare'),
    ('7cd36315-ac11-5140-8246-001bbf59a88e', 'upptackare'),
    ('7637587e-3fd0-56a5-a50f-3ac0dbe9782d', 'upptackare'),
    ('909fa919-6960-51dd-89a8-40c634e2402d', 'upptackare'),
    ('073013fb-eefa-5d10-8b29-9c9a2d5db212', 'upptackare'),
    ('33bc3fdc-c019-5662-94cb-ba847f705003', 'upptackare'),
    ('08227519-604d-5213-b662-d0c9078d6a13', 'upptackare'),
    ('bc01d960-a456-526f-8a09-2bb217741930', 'upptackare'),
    ('e0dd114e-6e53-5a2e-b89a-9fc8501a83af', 'upptackare'),
    ('a57d9076-80c7-57bf-9c21-7d47bf7b6990', 'upptackare'),
    ('c260a43e-e518-5808-9eea-6251e4dd2065', 'utmanare'),
    ('e0585eff-e1cd-5169-93ee-6b224f613663', 'utmanare'),
    ('90a098a3-be20-50a4-b5e7-5bfa026b5e77', 'aventyrare'),
    ('b24d3224-214e-5f79-885b-9cf85acb4841', 'aventyrare'),
    ('32569674-216f-531f-b365-64759879094f', 'aventyrare'),
    ('53774fe1-7833-5af2-9252-6c605c05ed8e', 'aventyrare'),
    ('a90af9f6-1ed7-5ca0-b78f-7881802014e7', 'aventyrare'),
    ('1138b934-57c6-5be0-8a3c-c81e7f830f5d', 'aventyrare'),
    ('1248befb-2ca1-5015-af90-cf1fc04ee2b7', 'aventyrare'),
    ('10cd9866-3857-57cf-8aca-07ca36dffa21', 'aventyrare'),
    ('9d875675-f251-509e-92d5-4ccc462477a3', 'aventyrare'),
    ('3b7a85a7-cf33-518a-8032-638a56a534db', 'aventyrare'),
    ('d35950e9-41a4-5468-ae1b-dafc93d3bf2f', 'utmanare'),
    ('d35950e9-41a4-5468-ae1b-dafc93d3bf2f', 'rover'),
    ('75ee78d9-01f9-5863-bae4-9be72bf86405', 'utmanare'),
    ('75ee78d9-01f9-5863-bae4-9be72bf86405', 'rover'),
    ('6b81f3fa-9d1a-50a4-9e81-1f38f2de5c89', 'utmanare'),
    ('6b81f3fa-9d1a-50a4-9e81-1f38f2de5c89', 'rover'),
    ('68194d4b-0e01-5e3f-93be-ae88cb1935a2', 'utmanare'),
    ('68194d4b-0e01-5e3f-93be-ae88cb1935a2', 'rover'),
    ('a328db88-45f5-5d3d-ad31-da470eacac3c', 'rover'),
    ('fb72df50-3d9e-54d6-b0ff-40a16c6c4816', 'rover'),
    ('2db5db3b-b409-5d32-bc8d-1f83bb0e32a4', 'rover'),
    ('9f92c566-bb26-583a-a238-7664cbdb0be5', 'rover'),
    ('f0483b2a-3524-595e-9786-03b393d3ed2e', 'rover'),
    ('ee4826a1-73cd-5516-a7a3-4f92df69f119', 'rover'),
    ('64e66343-8863-595d-940e-382b0d6d67c0', 'rover'),
    ('ac7bdad8-2c9a-5cd4-894b-1ac3b0f23ae1', 'rover'),
    ('b3a5cfde-4ef9-5798-a797-7d4da88bfc60', 'upptackare'),
    ('b3a5cfde-4ef9-5798-a797-7d4da88bfc60', 'aventyrare'),
    ('b3a5cfde-4ef9-5798-a797-7d4da88bfc60', 'utmanare'),
    ('b3a5cfde-4ef9-5798-a797-7d4da88bfc60', 'rover'),
    ('81a0dbf5-a073-5253-9e66-6c6b2290e57d', 'upptackare'),
    ('81a0dbf5-a073-5253-9e66-6c6b2290e57d', 'aventyrare'),
    ('81a0dbf5-a073-5253-9e66-6c6b2290e57d', 'utmanare'),
    ('81a0dbf5-a073-5253-9e66-6c6b2290e57d', 'rover'),
    ('e08132d4-7c5c-55de-8cba-9950dbc24b6f', 'utmanare'),
    ('fa638d98-af78-5ba2-ab0d-93a97de9cd24', 'utmanare'),
    ('5f3cc3b0-092f-5ef5-b8e8-2ed141bbd017', 'rover'),
    ('99d7c656-ce54-53b4-bb3f-d182f80be36d', 'upptackare'),
    ('87f009ea-2475-5721-a86e-6c4558b5af89', 'upptackare'),
    ('79e1275a-b7f3-5681-91b4-76568de7d94b', 'upptackare'),
    ('dd628ebd-59b3-5ef9-89a4-9d33b9196bb8', 'upptackare'),
    ('41e6f075-60f6-5052-9207-113fab7b7fb2', 'upptackare'),
    ('3e76f15b-bcf7-5323-a2c4-754d743d0dc4', 'aventyrare'),
    ('8614f89b-7841-57b4-b93c-b200a05cf8ec', 'upptackare'),
    ('81118bd1-7e58-5f07-8c45-6aa9d688b8de', 'upptackare'),
    ('6abcca52-a574-56cd-9608-0d415bd1de32', 'upptackare'),
    ('674e1c40-cfc0-5caa-962d-9036998468cf', 'upptackare'),
    ('fbc1df7c-38e8-598c-a997-1d65a8e7c8da', 'upptackare'),
    ('09a0eaa2-2077-5847-b154-01bb25840b93', 'upptackare'),
    ('565af28c-9f99-54db-a882-011358f07ef6', 'upptackare'),
    ('d0b88c03-dc38-5da4-b2cf-a2512546d498', 'upptackare'),
    ('06e7491d-377b-5a3b-bfca-20755677c656', 'upptackare'),
    ('23bb111a-592f-59cb-85a9-6fdf62534a63', 'upptackare'),
    ('23bb111a-592f-59cb-85a9-6fdf62534a63', 'aventyrare'),
    ('23bb111a-592f-59cb-85a9-6fdf62534a63', 'utmanare'),
    ('23bb111a-592f-59cb-85a9-6fdf62534a63', 'rover'),
    ('0b90f227-37ab-5e86-94da-e2863a470917', 'upptackare'),
    ('0b90f227-37ab-5e86-94da-e2863a470917', 'aventyrare'),
    ('0b90f227-37ab-5e86-94da-e2863a470917', 'utmanare'),
    ('0b90f227-37ab-5e86-94da-e2863a470917', 'rover'),
    ('af6d8ec5-8916-5714-aa67-0fa9b9925312', 'upptackare'),
    ('af6d8ec5-8916-5714-aa67-0fa9b9925312', 'aventyrare'),
    ('af6d8ec5-8916-5714-aa67-0fa9b9925312', 'utmanare'),
    ('af6d8ec5-8916-5714-aa67-0fa9b9925312', 'rover'),
    ('e5fb15f7-1844-513d-943f-2450746da7f9', 'upptackare'),
    ('e5fb15f7-1844-513d-943f-2450746da7f9', 'aventyrare'),
    ('e5fb15f7-1844-513d-943f-2450746da7f9', 'utmanare'),
    ('e5fb15f7-1844-513d-943f-2450746da7f9', 'rover'),
    ('149851bf-369e-525c-8824-7597c22174f0', 'upptackare'),
    ('149851bf-369e-525c-8824-7597c22174f0', 'aventyrare'),
    ('149851bf-369e-525c-8824-7597c22174f0', 'utmanare'),
    ('149851bf-369e-525c-8824-7597c22174f0', 'rover'),
    ('8af18041-d1ff-5d91-8f12-de04f9840d2a', 'upptackare'),
    ('8af18041-d1ff-5d91-8f12-de04f9840d2a', 'aventyrare'),
    ('8af18041-d1ff-5d91-8f12-de04f9840d2a', 'utmanare'),
    ('8af18041-d1ff-5d91-8f12-de04f9840d2a', 'rover'),
    ('18c52c53-1a29-537e-8525-90827cd5aa6b', 'upptackare'),
    ('18c52c53-1a29-537e-8525-90827cd5aa6b', 'aventyrare'),
    ('18c52c53-1a29-537e-8525-90827cd5aa6b', 'utmanare'),
    ('18c52c53-1a29-537e-8525-90827cd5aa6b', 'rover'),
    ('d98fdcad-156d-5086-898a-56c4e7d71dbf', 'aventyrare'),
    ('e9794be1-af8b-5270-80c2-1271b5490c99', 'aventyrare'),
    ('c8dbd187-cbd0-5365-b090-6b21dd6b76a9', 'aventyrare'),
    ('2afce3cb-dd2d-57e5-bb4e-e171005f3914', 'utmanare'),
    ('2afce3cb-dd2d-57e5-bb4e-e171005f3914', 'rover'),
    ('61a36783-7dc3-510a-a53f-a2a2f24b35a0', 'utmanare'),
    ('b519a75c-6406-5102-a671-4098ad6463ef', 'utmanare'),
    ('83ea5ea3-fca8-5dad-80f8-cdedb0efc686', 'utmanare'),
    ('721a6e2d-6e74-5fbe-84d4-3172d6129d1d', 'utmanare'),
    ('b8365222-0727-59cf-9fca-f8f256c3aa12', 'utmanare'),
    ('89f7a5d2-daae-52a4-8834-dc1167ab94db', 'utmanare'),
    ('2bc55212-040d-57a5-8477-bdb7e8d3ece1', 'aventyrare'),
    ('2bc55212-040d-57a5-8477-bdb7e8d3ece1', 'utmanare'),
    ('2bc55212-040d-57a5-8477-bdb7e8d3ece1', 'rover'),
    ('9c64cbe6-27f8-5c79-af5e-7b903c19ed3e', 'aventyrare'),
    ('9c64cbe6-27f8-5c79-af5e-7b903c19ed3e', 'utmanare'),
    ('9c64cbe6-27f8-5c79-af5e-7b903c19ed3e', 'rover'),
    ('20cb80f6-c27c-51d7-b750-61c62b629800', 'aventyrare'),
    ('20cb80f6-c27c-51d7-b750-61c62b629800', 'utmanare'),
    ('20cb80f6-c27c-51d7-b750-61c62b629800', 'rover'),
    ('ab29cf58-58fe-51cf-a826-eeefa2e8aead', 'aventyrare'),
    ('ab29cf58-58fe-51cf-a826-eeefa2e8aead', 'utmanare'),
    ('ab29cf58-58fe-51cf-a826-eeefa2e8aead', 'rover'),
    ('13688a1f-f48c-5ea5-beae-a471c25e907e', 'rover'),
    ('c7a54b16-96f0-5eef-a2b0-e3e9923e1175', 'upptackare'),
    ('c7a54b16-96f0-5eef-a2b0-e3e9923e1175', 'aventyrare'),
    ('c7a54b16-96f0-5eef-a2b0-e3e9923e1175', 'utmanare'),
    ('c7a54b16-96f0-5eef-a2b0-e3e9923e1175', 'rover'),
    ('9a276b95-608c-5f7c-bea5-7be1881d6763', 'upptackare'),
    ('9a276b95-608c-5f7c-bea5-7be1881d6763', 'aventyrare'),
    ('9a276b95-608c-5f7c-bea5-7be1881d6763', 'utmanare'),
    ('9a276b95-608c-5f7c-bea5-7be1881d6763', 'rover'),
    ('db77625e-6ea0-5bf9-a4ac-32a1d00f9b06', 'utmanare'),
    ('cc767b60-2cea-594b-be67-4b1e5d0fa504', 'utmanare'),
    ('8c4dccb0-861b-5dfc-bb28-31050a9aecde', 'utmanare'),
    ('dbf084f0-62ea-51d7-a1fe-07590a0b6094', 'rover'),
    ('cfbcf58c-a1a0-58bc-a50a-17b43ea299e6', 'upptackare'),
    ('cfbcf58c-a1a0-58bc-a50a-17b43ea299e6', 'aventyrare'),
    ('cfbcf58c-a1a0-58bc-a50a-17b43ea299e6', 'utmanare'),
    ('cfbcf58c-a1a0-58bc-a50a-17b43ea299e6', 'rover'),
    ('ba51e8fe-ce4e-5d9b-8439-08e85efbc63f', 'upptackare'),
    ('c905335b-63d6-562a-81e6-0d5dbba2ff7e', 'upptackare'),
    ('a03d0ba9-b294-5822-b584-67a47f10cbb1', 'upptackare'),
    ('d0d060b3-20aa-5183-823c-a3f9336a7f45', 'upptackare'),
    ('6ee37d9e-29be-55d0-8ea0-4a7455bb23cc', 'upptackare'),
    ('1cc1fda1-ef8c-5304-ba7e-22b5f717228a', 'upptackare'),
    ('bacd0080-f649-5395-9a58-c19a9d7c00f4', 'upptackare'),
    ('8dcfb880-4593-5c83-8dc3-39334cdadbed', 'upptackare'),
    ('42cd3402-33a3-53d7-9b8d-fcf95901bdf3', 'upptackare'),
    ('e97b73f4-4d5a-5b18-a71f-680319e10eef', 'upptackare'),
    ('83b9605b-6d8f-56c2-8d06-aa8c4948f16d', 'rover'),
    ('50cd5135-1530-5fb4-b27f-92d48428fd68', 'aventyrare'),
    ('50cd5135-1530-5fb4-b27f-92d48428fd68', 'utmanare'),
    ('50cd5135-1530-5fb4-b27f-92d48428fd68', 'rover'),
    ('850fe1e2-1a9c-5f27-90ae-e1a188056e6d', 'aventyrare'),
    ('850fe1e2-1a9c-5f27-90ae-e1a188056e6d', 'utmanare'),
    ('850fe1e2-1a9c-5f27-90ae-e1a188056e6d', 'rover'),
    ('bd46e4be-166b-53aa-98d6-8c64f006b706', 'aventyrare'),
    ('bd46e4be-166b-53aa-98d6-8c64f006b706', 'utmanare'),
    ('d9b9d7fb-1634-5580-a328-495883dd5428', 'aventyrare'),
    ('d9b9d7fb-1634-5580-a328-495883dd5428', 'utmanare'),
    ('d9b9d7fb-1634-5580-a328-495883dd5428', 'rover'),
    ('0aba5b9b-9b61-52a7-a218-967cf33484f3', 'rover'),
    ('8ddfc7e3-652f-5d35-8b4e-c2fd9f7b9bd4', 'utmanare'),
    ('8ddfc7e3-652f-5d35-8b4e-c2fd9f7b9bd4', 'rover'),
    ('dd4bb037-abf9-5b64-a1e9-29cb8e45a1e0', 'rover'),
    ('d37bf222-75ed-58d0-b382-449875c35eef', 'rover'),
    ('a10bf42e-79ec-554a-8571-1ab2a3daea1c', 'upptackare'),
    ('a10bf42e-79ec-554a-8571-1ab2a3daea1c', 'aventyrare'),
    ('a10bf42e-79ec-554a-8571-1ab2a3daea1c', 'utmanare'),
    ('a10bf42e-79ec-554a-8571-1ab2a3daea1c', 'rover'),
    ('a0675bed-8d38-5222-acbf-d9719f19296c', 'upptackare'),
    ('a0675bed-8d38-5222-acbf-d9719f19296c', 'aventyrare'),
    ('a0675bed-8d38-5222-acbf-d9719f19296c', 'utmanare'),
    ('a0675bed-8d38-5222-acbf-d9719f19296c', 'rover'),
    ('a7510cf9-536f-54bc-ac43-4e43d4623d67', 'rover'),
    ('065b36e9-4127-5495-9ae3-16cb4a177ef9', 'rover'),
    ('87018007-7156-5f30-ab55-74746d60ac5c', 'rover'),
    ('665b6442-3ee5-5064-b728-e07a4f1b8e26', 'upptackare'),
    ('665b6442-3ee5-5064-b728-e07a4f1b8e26', 'aventyrare'),
    ('665b6442-3ee5-5064-b728-e07a4f1b8e26', 'utmanare'),
    ('665b6442-3ee5-5064-b728-e07a4f1b8e26', 'rover'),
    ('cc405766-4f25-5b04-9020-90b1693609e3', 'upptackare'),
    ('cc405766-4f25-5b04-9020-90b1693609e3', 'aventyrare'),
    ('cc405766-4f25-5b04-9020-90b1693609e3', 'utmanare'),
    ('cc405766-4f25-5b04-9020-90b1693609e3', 'rover'),
    ('d600ef16-5a89-51fb-8169-5336aeddc7d4', 'upptackare'),
    ('d600ef16-5a89-51fb-8169-5336aeddc7d4', 'aventyrare'),
    ('d600ef16-5a89-51fb-8169-5336aeddc7d4', 'utmanare'),
    ('d600ef16-5a89-51fb-8169-5336aeddc7d4', 'rover'),
    ('6afa33b0-c429-56f1-a7fc-f49f33d2ea7c', 'upptackare'),
    ('6afa33b0-c429-56f1-a7fc-f49f33d2ea7c', 'aventyrare'),
    ('6afa33b0-c429-56f1-a7fc-f49f33d2ea7c', 'utmanare'),
    ('6afa33b0-c429-56f1-a7fc-f49f33d2ea7c', 'rover'),
    ('aff5625b-7de7-5246-938d-ae374c0a9416', 'upptackare'),
    ('aff5625b-7de7-5246-938d-ae374c0a9416', 'aventyrare'),
    ('aff5625b-7de7-5246-938d-ae374c0a9416', 'utmanare'),
    ('aff5625b-7de7-5246-938d-ae374c0a9416', 'rover'),
    ('fd514c87-6151-50b6-9a28-893a562b7eff', 'rover'),
    ('5cf47cfb-215d-5a70-87e1-4944ff4ccd4f', 'rover'),
    ('6ea2063b-d301-5d16-975c-9c7f2f176408', 'rover'),
    ('8cac8501-366f-5eee-aa6f-5fc63a9a7193', 'rover'),
    ('412c2b5e-f6dc-5d65-a818-d3a96117c17b', 'rover'),
    ('dc2e47e1-fea3-530a-84eb-5fc7d262767b', 'rover'),
    ('f094215c-5ef9-5b56-9750-7b111e25a829', 'rover'),
    ('334d85ed-df16-5008-ab29-ca9dbb8d8ff6', 'rover'),
    ('622589b9-9fcc-52ca-b040-cb4d7040bbf9', 'rover'),
    ('c95183ae-acc1-5ccb-8e68-f934c65cd991', 'upptackare'),
    ('c95183ae-acc1-5ccb-8e68-f934c65cd991', 'aventyrare'),
    ('c95183ae-acc1-5ccb-8e68-f934c65cd991', 'utmanare'),
    ('c95183ae-acc1-5ccb-8e68-f934c65cd991', 'rover'),
    ('6e4327ee-465a-5f57-a90f-5f76b2fb1404', 'upptackare'),
    ('6e4327ee-465a-5f57-a90f-5f76b2fb1404', 'aventyrare'),
    ('6e4327ee-465a-5f57-a90f-5f76b2fb1404', 'utmanare'),
    ('6e4327ee-465a-5f57-a90f-5f76b2fb1404', 'rover'),
    ('d527706a-43de-5b01-8a48-7a2f819268f5', 'upptackare'),
    ('d527706a-43de-5b01-8a48-7a2f819268f5', 'aventyrare'),
    ('d527706a-43de-5b01-8a48-7a2f819268f5', 'utmanare'),
    ('d527706a-43de-5b01-8a48-7a2f819268f5', 'rover'),
    ('2b21ad81-9fec-5838-ae82-7ea271f22d5a', 'upptackare'),
    ('2b21ad81-9fec-5838-ae82-7ea271f22d5a', 'aventyrare'),
    ('2b21ad81-9fec-5838-ae82-7ea271f22d5a', 'utmanare'),
    ('2b21ad81-9fec-5838-ae82-7ea271f22d5a', 'rover'),
    ('612fb54e-a192-5dc0-97f7-81ab2bd663c3', 'upptackare'),
    ('612fb54e-a192-5dc0-97f7-81ab2bd663c3', 'aventyrare'),
    ('612fb54e-a192-5dc0-97f7-81ab2bd663c3', 'utmanare'),
    ('612fb54e-a192-5dc0-97f7-81ab2bd663c3', 'rover'),
    ('e424cff2-00d1-5e23-8ac4-16fbfedea28e', 'upptackare'),
    ('e424cff2-00d1-5e23-8ac4-16fbfedea28e', 'aventyrare'),
    ('e424cff2-00d1-5e23-8ac4-16fbfedea28e', 'utmanare'),
    ('e424cff2-00d1-5e23-8ac4-16fbfedea28e', 'rover'),
    ('68f6ba67-24f0-5c94-8384-99996852c29c', 'upptackare'),
    ('68f6ba67-24f0-5c94-8384-99996852c29c', 'aventyrare'),
    ('68f6ba67-24f0-5c94-8384-99996852c29c', 'utmanare'),
    ('68f6ba67-24f0-5c94-8384-99996852c29c', 'rover'),
    ('676d645a-e77b-5c21-b5ef-0081eedc0a6d', 'upptackare'),
    ('676d645a-e77b-5c21-b5ef-0081eedc0a6d', 'aventyrare'),
    ('676d645a-e77b-5c21-b5ef-0081eedc0a6d', 'utmanare'),
    ('676d645a-e77b-5c21-b5ef-0081eedc0a6d', 'rover'),
    ('c7a25147-3684-56f2-bdad-81bca271f881', 'upptackare'),
    ('c7a25147-3684-56f2-bdad-81bca271f881', 'aventyrare'),
    ('c7a25147-3684-56f2-bdad-81bca271f881', 'utmanare'),
    ('c7a25147-3684-56f2-bdad-81bca271f881', 'rover'),
    ('adca7be8-03cb-5e68-8fac-288b5599278e', 'upptackare'),
    ('adca7be8-03cb-5e68-8fac-288b5599278e', 'aventyrare'),
    ('adca7be8-03cb-5e68-8fac-288b5599278e', 'utmanare'),
    ('adca7be8-03cb-5e68-8fac-288b5599278e', 'rover'),
    ('166dfba6-7cdf-5ae4-8a27-755d8617fee2', 'upptackare'),
    ('559b3071-76a4-58af-ab71-a6a26ac68f33', 'upptackare'),
    ('ab9f3402-0a49-5b62-aa5f-c4a7e999280a', 'upptackare'),
    ('3680858d-b5f5-5e65-b13f-32de1be4ca3a', 'upptackare'),
    ('bc750540-bfb8-51e9-b775-cd44556f9b51', 'upptackare'),
    ('ef7dd134-f00c-5de5-9e0a-af5d5a5046c4', 'upptackare'),
    ('aa88395b-2f90-5410-96cb-322ff85d63dc', 'upptackare'),
    ('12c6fd16-9b78-59f8-a2e1-f0ed8d0aeb56', 'upptackare'),
    ('d9c943cd-395c-505d-9f89-65d47a0333c5', 'upptackare'),
    ('5c917534-d54b-5837-ae81-b654d1f01b64', 'upptackare'),
    ('99182452-c33e-5e68-b734-587562646d7e', 'upptackare'),
    ('b93325a4-6e22-5fab-b75b-e8b89a9b75f6', 'upptackare'),
    ('6e717191-08a7-5cba-9ae1-b0032d0e6b24', 'upptackare'),
    ('ef47c6f3-c408-5dc8-9042-048ea1309885', 'upptackare'),
    ('d9d22c58-034e-5412-b8a1-e8cccd4548f4', 'upptackare'),
    ('27b97594-1254-59e9-b12c-64f108bef1ee', 'upptackare'),
    ('48a0110c-7d2a-520f-9a21-324131dff26b', 'upptackare'),
    ('792f0166-12f7-5bd8-87f7-ea87887712c2', 'upptackare'),
    ('22ca920e-e797-507e-9d46-f947b1665fd5', 'utmanare'),
    ('b64b42bd-0008-53c5-ac1b-6a1789fd0f4d', 'utmanare'),
    ('5c1f2d3f-4e11-5563-9a62-dfcb0e5812a7', 'utmanare'),
    ('946e9644-2b60-5546-95f2-fbf87dd7abe5', 'utmanare'),
    ('17965407-ce84-5770-8ace-166f630e29b7', 'utmanare'),
    ('c69e0ddf-996e-511b-ad7e-ec63fa23a452', 'utmanare'),
    ('04bf5403-9b6f-5520-ab76-1db67a0910a7', 'aventyrare'),
    ('2bb67276-c2c3-5801-9269-0e5f9bc02750', 'aventyrare'),
    ('17a5e3c0-2db6-5642-87a5-debf030d9532', 'aventyrare'),
    ('eb07b45f-6915-5bfc-8215-4a095fe75559', 'aventyrare'),
    ('d58d93ed-0497-5eae-88c7-dc12c6d7d8b0', 'aventyrare'),
    ('711ba1cb-05ba-55a3-8dfb-b7816e9dd83a', 'aventyrare'),
    ('dc9d3482-8f0e-5604-9c68-268e7d3bc8b7', 'aventyrare'),
    ('0f4635a3-e4b9-50f8-831a-3c9e5c029489', 'aventyrare'),
    ('d42b0964-c9cb-5274-b101-f1888cd74205', 'aventyrare'),
    ('4b0500f1-ff30-55d8-a816-c70b07f5712d', 'aventyrare'),
    ('1d675389-6002-5fb2-805d-e9d8b27c2a33', 'aventyrare'),
    ('302d98fa-3b21-556e-9e94-7071c56b6644', 'rover'),
    ('786cf71f-5cd2-546b-848f-c8129a41999e', 'rover'),
    ('ee755d6d-b4d4-55dc-b588-594ba22a6ca0', 'utmanare'),
    ('ee755d6d-b4d4-55dc-b588-594ba22a6ca0', 'rover'),
    ('c57b3ec0-93ce-592d-97b2-d10dbb3de18e', 'utmanare'),
    ('c57b3ec0-93ce-592d-97b2-d10dbb3de18e', 'rover'),
    ('103efe17-3808-53af-9baf-d7ef382f5066', 'rover'),
    ('5587614e-ce37-5a99-947e-151d62df8ad5', 'upptackare'),
    ('5587614e-ce37-5a99-947e-151d62df8ad5', 'aventyrare'),
    ('5587614e-ce37-5a99-947e-151d62df8ad5', 'utmanare'),
    ('5587614e-ce37-5a99-947e-151d62df8ad5', 'rover'),
    ('bc5bfb95-4108-5cfe-abe2-fc0dc97ac7c1', 'aventyrare'),
    ('bc5bfb95-4108-5cfe-abe2-fc0dc97ac7c1', 'utmanare'),
    ('bc5bfb95-4108-5cfe-abe2-fc0dc97ac7c1', 'rover'),
    ('47c75641-ce75-54bb-bd02-57155d686087', 'rover'),
    ('bebef6a8-9539-5202-ac37-687a1a8d9b8a', 'rover'),
    ('e493f60f-1af6-5f49-adc4-6eede44b7888', 'rover'),
    ('a3c5bce6-1715-5ce5-a0fb-06ddb9b1b8b5', 'upptackare'),
    ('a3c5bce6-1715-5ce5-a0fb-06ddb9b1b8b5', 'aventyrare'),
    ('a3c5bce6-1715-5ce5-a0fb-06ddb9b1b8b5', 'utmanare'),
    ('a3c5bce6-1715-5ce5-a0fb-06ddb9b1b8b5', 'rover'),
    ('452e7dd7-692d-5fe1-b5f6-31b4a7872e3f', 'upptackare'),
    ('452e7dd7-692d-5fe1-b5f6-31b4a7872e3f', 'aventyrare'),
    ('452e7dd7-692d-5fe1-b5f6-31b4a7872e3f', 'utmanare'),
    ('452e7dd7-692d-5fe1-b5f6-31b4a7872e3f', 'rover'),
    ('b6cc8ecb-95f6-5450-852e-d471f8854c7d', 'upptackare'),
    ('25defd23-b680-599a-b2a5-9e98deef7c63', 'upptackare'),
    ('92fefeed-9bcb-5bd2-b16b-ea5796468fc6', 'aventyrare'),
    ('6a2fcf85-7a61-5790-a75a-94f9728d8d74', 'upptackare'),
    ('da3847f2-36c9-579f-9761-b33cbd97519f', 'aventyrare'),
    ('a8b2dad9-a597-5ff5-afb5-a4e6a06e24f7', 'aventyrare'),
    ('5cbff712-b8ae-530e-81e0-654ccb636f2e', 'aventyrare'),
    ('07c7d628-4b9b-5e8b-92c7-0c618d4c9433', 'aventyrare'),
    ('559d040c-caf3-5c92-bb40-dcedb8ef7f19', 'upptackare'),
    ('559d040c-caf3-5c92-bb40-dcedb8ef7f19', 'aventyrare'),
    ('559d040c-caf3-5c92-bb40-dcedb8ef7f19', 'utmanare'),
    ('559d040c-caf3-5c92-bb40-dcedb8ef7f19', 'rover'),
    ('3bb4fefa-2da3-5f0f-821a-18756c2adf27', 'upptackare'),
    ('3bb4fefa-2da3-5f0f-821a-18756c2adf27', 'aventyrare'),
    ('3bb4fefa-2da3-5f0f-821a-18756c2adf27', 'utmanare'),
    ('3bb4fefa-2da3-5f0f-821a-18756c2adf27', 'rover'),
    ('851aa737-8b37-5cca-af39-869e5065563c', 'upptackare'),
    ('851aa737-8b37-5cca-af39-869e5065563c', 'aventyrare'),
    ('851aa737-8b37-5cca-af39-869e5065563c', 'utmanare'),
    ('851aa737-8b37-5cca-af39-869e5065563c', 'rover'),
    ('5818ec53-6260-5cb7-867d-71585a74606b', 'upptackare'),
    ('5818ec53-6260-5cb7-867d-71585a74606b', 'aventyrare'),
    ('5818ec53-6260-5cb7-867d-71585a74606b', 'utmanare'),
    ('5818ec53-6260-5cb7-867d-71585a74606b', 'rover'),
    ('c1dfe740-cffc-5bc6-8746-fb7b7e49793d', 'upptackare'),
    ('c1dfe740-cffc-5bc6-8746-fb7b7e49793d', 'aventyrare'),
    ('c1dfe740-cffc-5bc6-8746-fb7b7e49793d', 'utmanare'),
    ('c1dfe740-cffc-5bc6-8746-fb7b7e49793d', 'rover'),
    ('806abba6-b003-564b-99bf-ebc8ee10e52b', 'upptackare'),
    ('806abba6-b003-564b-99bf-ebc8ee10e52b', 'aventyrare'),
    ('806abba6-b003-564b-99bf-ebc8ee10e52b', 'utmanare'),
    ('806abba6-b003-564b-99bf-ebc8ee10e52b', 'rover'),
    ('fe469e61-e63f-5229-8abb-0fd8f123594c', 'upptackare'),
    ('fe469e61-e63f-5229-8abb-0fd8f123594c', 'aventyrare'),
    ('fe469e61-e63f-5229-8abb-0fd8f123594c', 'utmanare'),
    ('fe469e61-e63f-5229-8abb-0fd8f123594c', 'rover'),
    ('74978936-9917-5103-900d-cac3602cbbc0', 'upptackare'),
    ('74978936-9917-5103-900d-cac3602cbbc0', 'aventyrare'),
    ('74978936-9917-5103-900d-cac3602cbbc0', 'utmanare'),
    ('74978936-9917-5103-900d-cac3602cbbc0', 'rover'),
    ('0d3261ea-c2cd-5bbf-ae71-f02609f3c9d0', 'upptackare'),
    ('0d3261ea-c2cd-5bbf-ae71-f02609f3c9d0', 'aventyrare'),
    ('0d3261ea-c2cd-5bbf-ae71-f02609f3c9d0', 'utmanare'),
    ('0d3261ea-c2cd-5bbf-ae71-f02609f3c9d0', 'rover'),
    ('0fbdeebb-4a80-552d-b133-611139617834', 'aventyrare'),
    ('00f83fef-0443-5dd1-a80f-0b1a9538124d', 'aventyrare'),
    ('6db832a3-f7de-5b0f-8adf-f7b0603c14cc', 'rover'),
    ('40587247-379a-572f-86eb-2460bd6043db', 'rover'),
    ('2cbbf2d3-ab65-5e5f-8bb3-847c4265d0fc', 'utmanare'),
    ('2eddc752-7956-5628-aab7-cf4ee261c157', 'upptackare'),
    ('2eddc752-7956-5628-aab7-cf4ee261c157', 'aventyrare'),
    ('2eddc752-7956-5628-aab7-cf4ee261c157', 'utmanare'),
    ('2eddc752-7956-5628-aab7-cf4ee261c157', 'rover'),
    ('c01b2c7a-7547-51e7-9d04-74624badbfef', 'rover'),
    ('84ebbc31-66aa-5814-948c-5999effba65f', 'rover'),
    ('5543f089-bb63-5f5f-9d3a-ffd924526253', 'rover'),
    ('5f1952c0-2ac7-5856-893f-d55bc26d07c9', 'upptackare'),
    ('5f1952c0-2ac7-5856-893f-d55bc26d07c9', 'aventyrare'),
    ('5f1952c0-2ac7-5856-893f-d55bc26d07c9', 'utmanare'),
    ('5f1952c0-2ac7-5856-893f-d55bc26d07c9', 'rover')
ON CONFLICT (activity_id, target_group) DO NOTHING;

-- Call offs: cancelled activities (some with bookings, so the cancelled
-- state shows up in My bookings).
INSERT INTO call_off (id, activity_id, reason, cancelled_at)
VALUES
    (
        '4cf15dc8-5bdc-5f13-8cc9-8b6b35f27bc9',
        'bd47dc77-2923-5247-8d41-6f2988fc9d42', -- Disko! 2026-07-27
        'Åskväder väntas — aktiviteten är inställd av säkerhetsskäl.',
        '2026-07-18 09:30:00'
    ),
    (
        '13c611c3-b500-5c29-b421-f0eaf837046f',
        '7cf2fff2-3b9d-5b29-89df-4877d83e7015', -- Linedance 2026-07-29
        'Ledaren har fått förhinder och ingen ersättare finns.',
        '2026-07-18 09:30:00'
    ),
    (
        'ed629afe-c23d-5d79-9d35-c55280ae07b7',
        '86f8c015-5b80-584c-b685-f5a9dfaa9a20', -- Quiz 2026-07-26
        'För få anmälda — aktiviteten ställs in.',
        '2026-07-18 09:30:00'
    ),
    (
        'f6376d49-9e6b-54c3-bb11-6620d6a66662',
        'a6b93ca9-1418-5ac3-b668-6429c1023514', -- Quiz: Musikquiz, det som varit och det som är 2026-07-25
        'Utrustningen är trasig — vi ställer in tyvärr.',
        '2026-07-18 09:30:00'
    ),
    (
        '34a5b87b-2b95-5a33-8fa5-bd2a2e585da6',
        'a25e5238-61a2-5523-95b3-2aea9004e56c', -- Mekanisk tjur 2026-07-26
        'Platsen är dubbelbokad — aktiviteten flyttas och ställs in här.',
        '2026-07-18 09:30:00'
    ),
    (
        '03c7d0b6-64a0-578c-b69a-42cab102ffbc',
        'ab7e0f8c-d271-51c9-8f20-144f2b28fd6c', -- Lekaktiviteter 2026-07-27
        'Inställd på grund av sjukdom i funktionärsteamet.',
        '2026-07-18 09:30:00'
    ),
    (
        '8d4aa2c8-dd0c-531d-bbc8-575157438249',
        'e188aa7c-da5f-505a-96b4-f169416df98d', -- Dagens lek 2026-07-28
        'Åskväder väntas — aktiviteten är inställd av säkerhetsskäl.',
        '2026-07-18 09:30:00'
    ),
    (
        'b8067688-0822-5347-b5e6-45786f91dbe3',
        'f0483b2a-3524-595e-9786-03b393d3ed2e', -- Frisk och fri 2026-07-29
        'Ledaren har fått förhinder och ingen ersättare finns.',
        '2026-07-18 09:30:00'
    )
ON CONFLICT (activity_id) DO NOTHING;
